,x
1,Medtr0002s0270
2,Medtr0003s0470
3,Medtr0003s0560
4,Medtr0003s0620
5,Medtr0003s0650
6,Medtr0004s0240
7,Medtr0004s0330
8,Medtr0004s0600
9,Medtr0006s0080
10,Medtr0007s0330
11,Medtr0007s0380
12,Medtr0009s0050
13,Medtr0009s0400
14,Medtr0009s0480
15,Medtr0013s0230
16,Medtr0014s0040
17,Medtr0014s0260
18,Medtr0015s0130
19,Medtr0019s0170
20,Medtr0020s0100
21,Medtr0022s0290
22,Medtr0024s0010
23,Medtr0027s0040
24,Medtr0027s0090
25,Medtr0027s0180
26,Medtr0032s0040
27,Medtr0032s0060
28,Medtr0036s0320
29,Medtr0039s0080
30,Medtr0040s0110
31,Medtr0042s0190
32,Medtr0042s0230
33,Medtr0045s0080
34,Medtr0045s0130
35,Medtr0049s0070
36,Medtr0049s0110
37,Medtr0050s0240
38,Medtr0051s0110
39,Medtr0052s0040
40,Medtr0053s0020
41,Medtr0057s0080
42,Medtr0057s0100
43,Medtr0069s0040
44,Medtr0070s0080
45,Medtr0072s0020
46,Medtr0077s0010
47,Medtr0082s0040
48,Medtr0082s0070
49,Medtr0082s0160
50,Medtr0083s0120
51,Medtr0086s0010
52,Medtr0089s0070
53,Medtr0089s0100
54,Medtr0100s0150
55,Medtr0100s0160
56,Medtr0101s0020
57,Medtr0103s0100
58,Medtr0110s0060
59,Medtr0118s0080
60,Medtr0128s0060
61,Medtr0147s0060
62,Medtr0151s0030
63,Medtr0152s0100
64,Medtr0153s0060
65,Medtr0161s0050
66,Medtr0167s0040
67,Medtr0168s0110
68,Medtr0168s0120
69,Medtr0172s0020
70,Medtr0173s0030
71,Medtr0175s0030
72,Medtr0178s0030
73,Medtr0190s0020
74,Medtr0194s0050
75,Medtr0202s0060
76,Medtr0202s0070
77,Medtr0204s0020
78,Medtr0206s0010
79,Medtr0221s0060
80,Medtr0230s0010
81,Medtr0236s0040
82,Medtr0249s0070
83,Medtr0262s0030
84,Medtr0275s0010
85,Medtr0276s0010
86,Medtr0276s0020
87,Medtr0276s0040
88,Medtr0308s0060
89,Medtr0325s0020
90,Medtr0332s0010
91,Medtr0349s0030
92,Medtr0366s0020
93,Medtr0392s0010
94,Medtr0405s0060
95,Medtr0417s0020
96,Medtr0438s0020
97,Medtr0449s0040
98,Medtr0460s0010
99,Medtr0473s0030
100,Medtr0478s0010
101,Medtr0481s0010
102,Medtr0484s0010
103,Medtr0511s0010
104,Medtr0565s0010
105,Medtr0652s0020
106,Medtr0658s0030
107,Medtr0691s0020
108,Medtr0703s0020
109,Medtr0722s0020
110,Medtr0874s0010
111,Medtr0922s0020
112,Medtr0929s0010
113,Medtr1113s0020
114,Medtr1338s0010
115,Medtr1g006490
116,Medtr1g007360
117,Medtr1g007490
118,Medtr1g007640
119,Medtr1g007870
120,Medtr1g008120
121,Medtr1g008160
122,Medtr1g008230
123,Medtr1g009155
124,Medtr1g009200
125,Medtr1g009220
126,Medtr1g009650
127,Medtr1g009950
128,Medtr1g010120
129,Medtr1g010140
130,Medtr1g011400
131,Medtr1g011460
132,Medtr1g011650
133,Medtr1g011670
134,Medtr1g011680
135,Medtr1g011700
136,Medtr1g011720
137,Medtr1g011730
138,Medtr1g011750
139,Medtr1g011990
140,Medtr1g012210
141,Medtr1g012280
142,Medtr1g012440
143,Medtr1g012520
144,Medtr1g012530
145,Medtr1g012590
146,Medtr1g012790
147,Medtr1g012830
148,Medtr1g012920
149,Medtr1g013110
150,Medtr1g013350
151,Medtr1g013560
152,Medtr1g014070
153,Medtr1g014130
154,Medtr1g014180
155,Medtr1g014210
156,Medtr1g014270
157,Medtr1g014300
158,Medtr1g014330
159,Medtr1g014340
160,Medtr1g014640
161,Medtr1g014680
162,Medtr1g014880
163,Medtr1g015185
164,Medtr1g015275
165,Medtr1g015390
166,Medtr1g015470
167,Medtr1g015490
168,Medtr1g015700
169,Medtr1g015750
170,Medtr1g015780
171,Medtr1g015820
172,Medtr1g015830
173,Medtr1g015930
174,Medtr1g016050
175,Medtr1g016230
176,Medtr1g016235
177,Medtr1g016300
178,Medtr1g016340
179,Medtr1g016390
180,Medtr1g016430
181,Medtr1g016450
182,Medtr1g016510
183,Medtr1g016750
184,Medtr1g016790
185,Medtr1g016850
186,Medtr1g016900
187,Medtr1g016960
188,Medtr1g016970
189,Medtr1g016980
190,Medtr1g017270
191,Medtr1g017300
192,Medtr1g017320
193,Medtr1g017920
194,Medtr1g017940
195,Medtr1g017950
196,Medtr1g018020
197,Medtr1g018440
198,Medtr1g018480
199,Medtr1g018590
200,Medtr1g018620
201,Medtr1g018640
202,Medtr1g018760
203,Medtr1g018810
204,Medtr1g018830
205,Medtr1g018940
206,Medtr1g019170
207,Medtr1g019240
208,Medtr1g019250
209,Medtr1g019430
210,Medtr1g019540
211,Medtr1g019545
212,Medtr1g019600
213,Medtr1g019620
214,Medtr1g019660
215,Medtr1g019715
216,Medtr1g019780
217,Medtr1g019790
218,Medtr1g019800
219,Medtr1g019870
220,Medtr1g019930
221,Medtr1g019960
222,Medtr1g019990
223,Medtr1g020020
224,Medtr1g021080
225,Medtr1g021270
226,Medtr1g021435
227,Medtr1g021510
228,Medtr1g021570
229,Medtr1g021590
230,Medtr1g021670
231,Medtr1g021680
232,Medtr1g021760
233,Medtr1g021885
234,Medtr1g021925
235,Medtr1g021965
236,Medtr1g022025
237,Medtr1g022075
238,Medtr1g022125
239,Medtr1g022135
240,Medtr1g022145
241,Medtr1g022255
242,Medtr1g022310
243,Medtr1g022315
244,Medtr1g022365
245,Medtr1g022420
246,Medtr1g022475
247,Medtr1g022970
248,Medtr1g023070
249,Medtr1g023270
250,Medtr1g023310
251,Medtr1g023330
252,Medtr1g023505
253,Medtr1g023630
254,Medtr1g023690
255,Medtr1g023820
256,Medtr1g023840
257,Medtr1g023920
258,Medtr1g024015
259,Medtr1g024085
260,Medtr1g024850
261,Medtr1g024860
262,Medtr1g024920
263,Medtr1g024930
264,Medtr1g024980
265,Medtr1g025140
266,Medtr1g025150
267,Medtr1g025180
268,Medtr1g025220
269,Medtr1g025320
270,Medtr1g025450
271,Medtr1g025610
272,Medtr1g025870
273,Medtr1g025980
274,Medtr1g026078
275,Medtr1g026100
276,Medtr1g026310
277,Medtr1g026470
278,Medtr1g026480
279,Medtr1g026540
280,Medtr1g026560
281,Medtr1g026740
282,Medtr1g026840
283,Medtr1g026860
284,Medtr1g026920
285,Medtr1g027160
286,Medtr1g027170
287,Medtr1g027200
288,Medtr1g027260
289,Medtr1g027370
290,Medtr1g027380
291,Medtr1g027410
292,Medtr1g027440
293,Medtr1g027500
294,Medtr1g027680
295,Medtr1g027720
296,Medtr1g027890
297,Medtr1g028610
298,Medtr1g028620
299,Medtr1g029150
300,Medtr1g029450
301,Medtr1g029470
302,Medtr1g029650
303,Medtr1g029840
304,Medtr1g029940
305,Medtr1g030295
306,Medtr1g030320
307,Medtr1g030750
308,Medtr1g030840
309,Medtr1g030850
310,Medtr1g031105
311,Medtr1g031150
312,Medtr1g031280
313,Medtr1g031520
314,Medtr1g031830
315,Medtr1g031900
316,Medtr1g032430
317,Medtr1g032500
318,Medtr1g032520
319,Medtr1g032600
320,Medtr1g033310
321,Medtr1g033670
322,Medtr1g033750
323,Medtr1g033900
324,Medtr1g034170
325,Medtr1g034210
326,Medtr1g034240
327,Medtr1g034270
328,Medtr1g034290
329,Medtr1g034350
330,Medtr1g035130
331,Medtr1g035190
332,Medtr1g035260
333,Medtr1g035360
334,Medtr1g037280
335,Medtr1g037630
336,Medtr1g037690
337,Medtr1g037740
338,Medtr1g038270
339,Medtr1g038650
340,Medtr1g038760
341,Medtr1g038793
342,Medtr1g038820
343,Medtr1g038920
344,Medtr1g039410
345,Medtr1g039990
346,Medtr1g040000
347,Medtr1g040155
348,Medtr1g040545
349,Medtr1g040675
350,Medtr1g040725
351,Medtr1g040730
352,Medtr1g040905
353,Medtr1g041320
354,Medtr1g041345
355,Medtr1g041380
356,Medtr1g041495
357,Medtr1g041615
358,Medtr1g042280
359,Medtr1g042730
360,Medtr1g043190
361,Medtr1g043700
362,Medtr1g044210
363,Medtr1g044315
364,Medtr1g044330
365,Medtr1g044340
366,Medtr1g044560
367,Medtr1g044580
368,Medtr1g045370
369,Medtr1g045490
370,Medtr1g045750
371,Medtr1g045870
372,Medtr1g045880
373,Medtr1g045890
374,Medtr1g045900
375,Medtr1g045950
376,Medtr1g046070
377,Medtr1g046230
378,Medtr1g046350
379,Medtr1g046380
380,Medtr1g046490
381,Medtr1g046500
382,Medtr1g046590
383,Medtr1g046800
384,Medtr1g046850
385,Medtr1g047400
386,Medtr1g047460
387,Medtr1g047670
388,Medtr1g047720
389,Medtr1g047990
390,Medtr1g048370
391,Medtr1g048960
392,Medtr1g048970
393,Medtr1g048990
394,Medtr1g050220
395,Medtr1g050462
396,Medtr1g050465
397,Medtr1g050475
398,Medtr1g050488
399,Medtr1g050525
400,Medtr1g050528
401,Medtr1g050530
402,Medtr1g050542
403,Medtr1g050690
404,Medtr1g050760
405,Medtr1g050845
406,Medtr1g050855
407,Medtr1g051075
408,Medtr1g051105
409,Medtr1g051120
410,Medtr1g051205
411,Medtr1g051625
412,Medtr1g051690
413,Medtr1g051810
414,Medtr1g051815
415,Medtr1g051860
416,Medtr1g052270
417,Medtr1g052405
418,Medtr1g052525
419,Medtr1g052640
420,Medtr1g052685
421,Medtr1g052730
422,Medtr1g053470
423,Medtr1g053485
424,Medtr1g053520
425,Medtr1g053560
426,Medtr1g053570
427,Medtr1g053785
428,Medtr1g054285
429,Medtr1g054365
430,Medtr1g054600
431,Medtr1g054670
432,Medtr1g054715
433,Medtr1g054960
434,Medtr1g054980
435,Medtr1g054990
436,Medtr1g055085
437,Medtr1g055215
438,Medtr1g055315
439,Medtr1g055435
440,Medtr1g056280
441,Medtr1g056390
442,Medtr1g056890
443,Medtr1g057150
444,Medtr1g057560
445,Medtr1g057880
446,Medtr1g058100
447,Medtr1g058380
448,Medtr1g058540
449,Medtr1g058560
450,Medtr1g058570
451,Medtr1g059520
452,Medtr1g059590
453,Medtr1g059760
454,Medtr1g059860
455,Medtr1g060070
456,Medtr1g060120
457,Medtr1g060130
458,Medtr1g060150
459,Medtr1g060300
460,Medtr1g060620
461,Medtr1g060720
462,Medtr1g060820
463,Medtr1g060990
464,Medtr1g061160
465,Medtr1g061190
466,Medtr1g061860
467,Medtr1g061895
468,Medtr1g062160
469,Medtr1g062200
470,Medtr1g062330
471,Medtr1g062470
472,Medtr1g062540
473,Medtr1g062620
474,Medtr1g062780
475,Medtr1g062950
476,Medtr1g063000
477,Medtr1g063070
478,Medtr1g063090
479,Medtr1g063420
480,Medtr1g063850
481,Medtr1g063910
482,Medtr1g063940
483,Medtr1g064150
484,Medtr1g064320
485,Medtr1g064490
486,Medtr1g064540
487,Medtr1g064680
488,Medtr1g066460
489,Medtr1g066630
490,Medtr1g066800
491,Medtr1g066920
492,Medtr1g067000
493,Medtr1g067150
494,Medtr1g067210
495,Medtr1g067410
496,Medtr1g067530
497,Medtr1g067570
498,Medtr1g067710
499,Medtr1g067750
500,Medtr1g068730
501,Medtr1g068740
502,Medtr1g068810
503,Medtr1g068955
504,Medtr1g069000
505,Medtr1g069005
506,Medtr1g069245
507,Medtr1g069275
508,Medtr1g069290
509,Medtr1g069300
510,Medtr1g069345
511,Medtr1g069665
512,Medtr1g069680
513,Medtr1g069695
514,Medtr1g069715
515,Medtr1g069735
516,Medtr1g069785
517,Medtr1g069825
518,Medtr1g069925
519,Medtr1g070185
520,Medtr1g070240
521,Medtr1g070365
522,Medtr1g070480
523,Medtr1g070520
524,Medtr1g070830
525,Medtr1g070900
526,Medtr1g071110
527,Medtr1g071360
528,Medtr1g071430
529,Medtr1g071470
530,Medtr1g072110
531,Medtr1g072170
532,Medtr1g072450
533,Medtr1g072510
534,Medtr1g072550
535,Medtr1g072600
536,Medtr1g072650
537,Medtr1g072855
538,Medtr1g073440
539,Medtr1g073480
540,Medtr1g073660
541,Medtr1g073840
542,Medtr1g073940
543,Medtr1g074170
544,Medtr1g074410
545,Medtr1g074990
546,Medtr1g075100
547,Medtr1g075310
548,Medtr1g075410
549,Medtr1g075490
550,Medtr1g075710
551,Medtr1g075740
552,Medtr1g075880
553,Medtr1g076180
554,Medtr1g076310
555,Medtr1g076570
556,Medtr1g076800
557,Medtr1g076810
558,Medtr1g076840
559,Medtr1g076940
560,Medtr1g077190
561,Medtr1g077600
562,Medtr1g077750
563,Medtr1g078040
564,Medtr1g078090
565,Medtr1g078200
566,Medtr1g078280
567,Medtr1g079370
568,Medtr1g079380
569,Medtr1g079400
570,Medtr1g079410
571,Medtr1g079430
572,Medtr1g079450
573,Medtr1g079460
574,Medtr1g079763
575,Medtr1g079790
576,Medtr1g079800
577,Medtr1g079950
578,Medtr1g080472
579,Medtr1g080820
580,Medtr1g080840
581,Medtr1g080920
582,Medtr1g081180
583,Medtr1g081240
584,Medtr1g081257
585,Medtr1g081260
586,Medtr1g081270
587,Medtr1g081450
588,Medtr1g081550
589,Medtr1g081625
590,Medtr1g081710
591,Medtr1g081870
592,Medtr1g082210
593,Medtr1g082270
594,Medtr1g082470
595,Medtr1g082670
596,Medtr1g082740
597,Medtr1g082815
598,Medtr1g083190
599,Medtr1g083260
600,Medtr1g083310
601,Medtr1g083330
602,Medtr1g083370
603,Medtr1g083450
604,Medtr1g083750
605,Medtr1g084000
606,Medtr1g084010
607,Medtr1g084040
608,Medtr1g084090
609,Medtr1g084140
610,Medtr1g084210
611,Medtr1g084230
612,Medtr1g084610
613,Medtr1g084760
614,Medtr1g084790
615,Medtr1g084980
616,Medtr1g084990
617,Medtr1g085040
618,Medtr1g085120
619,Medtr1g085160
620,Medtr1g085190
621,Medtr1g085350
622,Medtr1g085440
623,Medtr1g085550
624,Medtr1g085640
625,Medtr1g085680
626,Medtr1g086350
627,Medtr1g086390
628,Medtr1g086810
629,Medtr1g086970
630,Medtr1g086990
631,Medtr1g087015
632,Medtr1g087020
633,Medtr1g087320
634,Medtr1g087330
635,Medtr1g087370
636,Medtr1g087410
637,Medtr1g087510
638,Medtr1g087730
639,Medtr1g087775
640,Medtr1g087880
641,Medtr1g088150
642,Medtr1g088170
643,Medtr1g088190
644,Medtr1g088225
645,Medtr1g088260
646,Medtr1g088430
647,Medtr1g088460
648,Medtr1g088470
649,Medtr1g088580
650,Medtr1g088590
651,Medtr1g088870
652,Medtr1g088885
653,Medtr1g088950
654,Medtr1g088960
655,Medtr1g088970
656,Medtr1g088990
657,Medtr1g088995
658,Medtr1g089090
659,Medtr1g089370
660,Medtr1g089600
661,Medtr1g089620
662,Medtr1g089750
663,Medtr1g089810
664,Medtr1g090090
665,Medtr1g090110
666,Medtr1g090300
667,Medtr1g090620
668,Medtr1g090690
669,Medtr1g090733
670,Medtr1g090743
671,Medtr1g090773
672,Medtr1g090837
673,Medtr1g091003
674,Medtr1g091010
675,Medtr1g092770
676,Medtr1g092860
677,Medtr1g093210
678,Medtr1g093240
679,Medtr1g093600
680,Medtr1g093680
681,Medtr1g093800
682,Medtr1g093840
683,Medtr1g093920
684,Medtr1g093965
685,Medtr1g094145
686,Medtr1g094200
687,Medtr1g094210
688,Medtr1g094250
689,Medtr1g094620
690,Medtr1g094650
691,Medtr1g095085
692,Medtr1g095110
693,Medtr1g095250
694,Medtr1g095360
695,Medtr1g095490
696,Medtr1g095560
697,Medtr1g095650
698,Medtr1g095780
699,Medtr1g095830
700,Medtr1g095910
701,Medtr1g095920
702,Medtr1g095940
703,Medtr1g096050
704,Medtr1g096140
705,Medtr1g096430
706,Medtr1g096530
707,Medtr1g096550
708,Medtr1g096610
709,Medtr1g096640
710,Medtr1g096790
711,Medtr1g096810
712,Medtr1g096970
713,Medtr1g096990
714,Medtr1g097250
715,Medtr1g097380
716,Medtr1g097420
717,Medtr1g097840
718,Medtr1g097955
719,Medtr1g098220
720,Medtr1g098320
721,Medtr1g098370
722,Medtr1g098530
723,Medtr1g098580
724,Medtr1g098640
725,Medtr1g098870
726,Medtr1g098900
727,Medtr1g098960
728,Medtr1g099190
729,Medtr1g099270
730,Medtr1g099390
731,Medtr1g099440
732,Medtr1g099490
733,Medtr1g099550
734,Medtr1g100070
735,Medtr1g100100
736,Medtr1g100180
737,Medtr1g100250
738,Medtr1g100315
739,Medtr1g100633
740,Medtr1g100727
741,Medtr1g100783
742,Medtr1g100860
743,Medtr1g100980
744,Medtr1g101030
745,Medtr1g101390
746,Medtr1g101440
747,Medtr1g101740
748,Medtr1g101840
749,Medtr1g101960
750,Medtr1g102030
751,Medtr1g102035
752,Medtr1g102350
753,Medtr1g102370
754,Medtr1g102380
755,Medtr1g102390
756,Medtr1g102420
757,Medtr1g102450
758,Medtr1g102510
759,Medtr1g102540
760,Medtr1g102630
761,Medtr1g102720
762,Medtr1g102750
763,Medtr1g103060
764,Medtr1g103330
765,Medtr1g103500
766,Medtr1g103570
767,Medtr1g103690
768,Medtr1g103740
769,Medtr1g103810
770,Medtr1g103850
771,Medtr1g104750
772,Medtr1g104780
773,Medtr1g104820
774,Medtr1g104840
775,Medtr1g104870
776,Medtr1g104880
777,Medtr1g104933
778,Medtr1g105305
779,Medtr1g105430
780,Medtr1g105585
781,Medtr1g105890
782,Medtr1g105940
783,Medtr1g105945
784,Medtr1g106055
785,Medtr1g106060
786,Medtr1g106200
787,Medtr1g106430
788,Medtr1g106920
789,Medtr1g107155
790,Medtr1g107235
791,Medtr1g107440
792,Medtr1g107475
793,Medtr1g107500
794,Medtr1g107525
795,Medtr1g107540
796,Medtr1g107560
797,Medtr1g108500
798,Medtr1g108620
799,Medtr1g108785
800,Medtr1g108990
801,Medtr1g109280
802,Medtr1g109320
803,Medtr1g109400
804,Medtr1g109580
805,Medtr1g110310
806,Medtr1g110410
807,Medtr1g110430
808,Medtr1g110750
809,Medtr1g110790
810,Medtr1g110820
811,Medtr1g111000
812,Medtr1g111090
813,Medtr1g111150
814,Medtr1g111160
815,Medtr1g111350
816,Medtr1g111570
817,Medtr1g111590
818,Medtr1g111640
819,Medtr1g111660
820,Medtr1g111840
821,Medtr1g111860
822,Medtr1g111970
823,Medtr1g111990
824,Medtr1g112030
825,Medtr1g112080
826,Medtr1g112190
827,Medtr1g112200
828,Medtr1g112280
829,Medtr1g112300
830,Medtr1g112340
831,Medtr1g112480
832,Medtr1g112700
833,Medtr1g112740
834,Medtr1g112840
835,Medtr1g112870
836,Medtr1g112890
837,Medtr1g113000
838,Medtr1g113760
839,Medtr1g113900
840,Medtr1g113955
841,Medtr1g114190
842,Medtr1g114240
843,Medtr1g114320
844,Medtr1g114380
845,Medtr1g114500
846,Medtr1g114580
847,Medtr1g114640
848,Medtr1g114680
849,Medtr1g115130
850,Medtr1g115185
851,Medtr1g115325
852,Medtr1g115340
853,Medtr1g115355
854,Medtr1g115430
855,Medtr1g115515
856,Medtr1g115550
857,Medtr1g115560
858,Medtr1g115840
859,Medtr1g115850
860,Medtr1g115970
861,Medtr1g116055
862,Medtr1g116060
863,Medtr1g116210
864,Medtr1g116240
865,Medtr1g116310
866,Medtr1g116510
867,Medtr1g116530
868,Medtr1g116650
869,Medtr1g116810
870,Medtr1g116920
871,Medtr1g117000
872,Medtr1g117060
873,Medtr1g492590
874,Medtr1g492610
875,Medtr1g492850
876,Medtr1g492860
877,Medtr1g492880
878,Medtr2055s0010
879,Medtr2g005070
880,Medtr2g005110
881,Medtr2g005250
882,Medtr2g005500
883,Medtr2g005710
884,Medtr2g005740
885,Medtr2g005810
886,Medtr2g005900
887,Medtr2g006150
888,Medtr2g006790
889,Medtr2g006850
890,Medtr2g006880
891,Medtr2g007010
892,Medtr2g007030
893,Medtr2g007050
894,Medtr2g007130
895,Medtr2g007260
896,Medtr2g007445
897,Medtr2g007450
898,Medtr2g007800
899,Medtr2g007830
900,Medtr2g007840
901,Medtr2g007930
902,Medtr2g007960
903,Medtr2g008050
904,Medtr2g008130
905,Medtr2g008190
906,Medtr2g008210
907,Medtr2g008225
908,Medtr2g008226
909,Medtr2g008240
910,Medtr2g008370
911,Medtr2g008380
912,Medtr2g008440
913,Medtr2g008820
914,Medtr2g009480
915,Medtr2g009520
916,Medtr2g009630
917,Medtr2g009737
918,Medtr2g009740
919,Medtr2g009750
920,Medtr2g009980
921,Medtr2g010290
922,Medtr2g010330
923,Medtr2g010420
924,Medtr2g010430
925,Medtr2g010520
926,Medtr2g010700
927,Medtr2g010750
928,Medtr2g010820
929,Medtr2g010860
930,Medtr2g010980
931,Medtr2g011040
932,Medtr2g011070
933,Medtr2g011080
934,Medtr2g011150
935,Medtr2g011450
936,Medtr2g011480
937,Medtr2g011680
938,Medtr2g011720
939,Medtr2g012300
940,Medtr2g012390
941,Medtr2g012410
942,Medtr2g012650
943,Medtr2g012780
944,Medtr2g012870
945,Medtr2g012990
946,Medtr2g013130
947,Medtr2g013180
948,Medtr2g013350
949,Medtr2g013370
950,Medtr2g013430
951,Medtr2g013460
952,Medtr2g013990
953,Medtr2g014120
954,Medtr2g014125
955,Medtr2g014170
956,Medtr2g014210
957,Medtr2g014250
958,Medtr2g014300
959,Medtr2g014380
960,Medtr2g014440
961,Medtr2g014560
962,Medtr2g014770
963,Medtr2g014820
964,Medtr2g015370
965,Medtr2g015430
966,Medtr2g015500
967,Medtr2g015520
968,Medtr2g015580
969,Medtr2g015630
970,Medtr2g015710
971,Medtr2g015720
972,Medtr2g015790
973,Medtr2g015850
974,Medtr2g015870
975,Medtr2g015900
976,Medtr2g015960
977,Medtr2g016160
978,Medtr2g016170
979,Medtr2g016180
980,Medtr2g016230
981,Medtr2g016520
982,Medtr2g016530
983,Medtr2g016710
984,Medtr2g016760
985,Medtr2g017470
986,Medtr2g017540
987,Medtr2g017550
988,Medtr2g017590
989,Medtr2g017915
990,Medtr2g017920
991,Medtr2g017985
992,Medtr2g018260
993,Medtr2g018300
994,Medtr2g018340
995,Medtr2g018910
996,Medtr2g018940
997,Medtr2g018950
998,Medtr2g019080
999,Medtr2g019090
1000,Medtr2g019220
1001,Medtr2g019345
1002,Medtr2g019510
1003,Medtr2g019530
1004,Medtr2g019810
1005,Medtr2g019860
1006,Medtr2g020020
1007,Medtr2g020060
1008,Medtr2g020210
1009,Medtr2g020240
1010,Medtr2g020370
1011,Medtr2g020510
1012,Medtr2g020550
1013,Medtr2g020710
1014,Medtr2g020770
1015,Medtr2g020800
1016,Medtr2g020870
1017,Medtr2g020930
1018,Medtr2g021040
1019,Medtr2g021210
1020,Medtr2g021242
1021,Medtr2g021252
1022,Medtr2g021330
1023,Medtr2g021600
1024,Medtr2g021790
1025,Medtr2g021910
1026,Medtr2g022050
1027,Medtr2g022530
1028,Medtr2g022540
1029,Medtr2g022560
1030,Medtr2g022610
1031,Medtr2g022810
1032,Medtr2g022820
1033,Medtr2g022850
1034,Medtr2g022910
1035,Medtr2g022990
1036,Medtr2g023320
1037,Medtr2g023450
1038,Medtr2g023620
1039,Medtr2g023680
1040,Medtr2g023830
1041,Medtr2g023910
1042,Medtr2g024090
1043,Medtr2g024100
1044,Medtr2g024110
1045,Medtr2g024240
1046,Medtr2g024270
1047,Medtr2g024330
1048,Medtr2g025080
1049,Medtr2g025480
1050,Medtr2g025495
1051,Medtr2g025740
1052,Medtr2g025780
1053,Medtr2g026030
1054,Medtr2g026050
1055,Medtr2g026140
1056,Medtr2g026310
1057,Medtr2g026425
1058,Medtr2g026500
1059,Medtr2g026630
1060,Medtr2g026670
1061,Medtr2g026685
1062,Medtr2g026695
1063,Medtr2g027270
1064,Medtr2g027360
1065,Medtr2g027390
1066,Medtr2g027410
1067,Medtr2g027530
1068,Medtr2g027660
1069,Medtr2g027740
1070,Medtr2g027800
1071,Medtr2g028050
1072,Medtr2g028230
1073,Medtr2g028480
1074,Medtr2g028520
1075,Medtr2g028620
1076,Medtr2g028750
1077,Medtr2g028790
1078,Medtr2g029040
1079,Medtr2g029125
1080,Medtr2g029340
1081,Medtr2g029390
1082,Medtr2g029430
1083,Medtr2g029520
1084,Medtr2g029790
1085,Medtr2g029820
1086,Medtr2g029960
1087,Medtr2g030310
1088,Medtr2g030540
1089,Medtr2g030560
1090,Medtr2g030855
1091,Medtr2g031370
1092,Medtr2g031610
1093,Medtr2g031630
1094,Medtr2g031790
1095,Medtr2g032060
1096,Medtr2g032090
1097,Medtr2g033040
1098,Medtr2g033055
1099,Medtr2g033380
1100,Medtr2g033390
1101,Medtr2g033520
1102,Medtr2g033650
1103,Medtr2g033910
1104,Medtr2g033930
1105,Medtr2g033980
1106,Medtr2g034090
1107,Medtr2g034495
1108,Medtr2g034640
1109,Medtr2g034700
1110,Medtr2g034900
1111,Medtr2g034960
1112,Medtr2g035020
1113,Medtr2g035070
1114,Medtr2g035310
1115,Medtr2g035430
1116,Medtr2g035480
1117,Medtr2g035630
1118,Medtr2g035660
1119,Medtr2g035900
1120,Medtr2g036170
1121,Medtr2g036390
1122,Medtr2g036780
1123,Medtr2g036860
1124,Medtr2g037830
1125,Medtr2g037855
1126,Medtr2g037890
1127,Medtr2g037900
1128,Medtr2g037990
1129,Medtr2g038210
1130,Medtr2g038320
1131,Medtr2g038380
1132,Medtr2g038560
1133,Medtr2g039090
1134,Medtr2g039890
1135,Medtr2g040410
1136,Medtr2g040740
1137,Medtr2g040830
1138,Medtr2g040890
1139,Medtr2g040970
1140,Medtr2g040990
1141,Medtr2g041180
1142,Medtr2g041260
1143,Medtr2g041430
1144,Medtr2g041500
1145,Medtr2g041510
1146,Medtr2g041520
1147,Medtr2g041600
1148,Medtr2g041690
1149,Medtr2g042310
1150,Medtr2g042700
1151,Medtr2g044180
1152,Medtr2g044570
1153,Medtr2g044580
1154,Medtr2g044920
1155,Medtr2g045235
1156,Medtr2g045320
1157,Medtr2g045960
1158,Medtr2g046620
1159,Medtr2g047110
1160,Medtr2g047838
1161,Medtr2g047848
1162,Medtr2g047875
1163,Medtr2g047912
1164,Medtr2g048210
1165,Medtr2g049140
1166,Medtr2g049340
1167,Medtr2g049790
1168,Medtr2g055430
1169,Medtr2g055470
1170,Medtr2g055760
1171,Medtr2g055840
1172,Medtr2g056070
1173,Medtr2g058400
1174,Medtr2g059350
1175,Medtr2g060043
1176,Medtr2g060070
1177,Medtr2g060350
1178,Medtr2g060520
1179,Medtr2g060555
1180,Medtr2g060670
1181,Medtr2g060760
1182,Medtr2g060900
1183,Medtr2g060910
1184,Medtr2g061360
1185,Medtr2g061460
1186,Medtr2g061820
1187,Medtr2g062270
1188,Medtr2g062310
1189,Medtr2g062480
1190,Medtr2g062560
1191,Medtr2g062610
1192,Medtr2g062640
1193,Medtr2g062660
1194,Medtr2g062770
1195,Medtr2g062920
1196,Medtr2g063000
1197,Medtr2g063510
1198,Medtr2g063570
1199,Medtr2g063843
1200,Medtr2g064305
1201,Medtr2g064375
1202,Medtr2g064400
1203,Medtr2g064890
1204,Medtr2g065550
1205,Medtr2g066200
1206,Medtr2g067080
1207,Medtr2g067220
1208,Medtr2g067760
1209,Medtr2g067870
1210,Medtr2g068880
1211,Medtr2g068960
1212,Medtr2g069060
1213,Medtr2g069330
1214,Medtr2g069348
1215,Medtr2g069350
1216,Medtr2g069410
1217,Medtr2g069470
1218,Medtr2g069480
1219,Medtr2g069650
1220,Medtr2g069760
1221,Medtr2g069770
1222,Medtr2g069920
1223,Medtr2g070110
1224,Medtr2g070540
1225,Medtr2g071620
1226,Medtr2g071750
1227,Medtr2g071810
1228,Medtr2g071850
1229,Medtr2g071900
1230,Medtr2g072190
1231,Medtr2g072210
1232,Medtr2g072510
1233,Medtr2g072810
1234,Medtr2g072840
1235,Medtr2g073060
1236,Medtr2g073350
1237,Medtr2g073650
1238,Medtr2g074870
1239,Medtr2g074950
1240,Medtr2g075270
1241,Medtr2g075770
1242,Medtr2g075820
1243,Medtr2g075830
1244,Medtr2g075840
1245,Medtr2g075950
1246,Medtr2g075985
1247,Medtr2g076020
1248,Medtr2g076300
1249,Medtr2g076360
1250,Medtr2g076580
1251,Medtr2g076840
1252,Medtr2g076960
1253,Medtr2g076970
1254,Medtr2g078010
1255,Medtr2g078040
1256,Medtr2g078140
1257,Medtr2g078540
1258,Medtr2g078580
1259,Medtr2g078610
1260,Medtr2g078620
1261,Medtr2g078650
1262,Medtr2g078690
1263,Medtr2g078740
1264,Medtr2g078760
1265,Medtr2g078920
1266,Medtr2g079000
1267,Medtr2g079340
1268,Medtr2g079460
1269,Medtr2g079550
1270,Medtr2g079560
1271,Medtr2g079700
1272,Medtr2g079800
1273,Medtr2g079810
1274,Medtr2g081010
1275,Medtr2g081230
1276,Medtr2g081250
1277,Medtr2g081810
1278,Medtr2g082050
1279,Medtr2g082410
1280,Medtr2g082430
1281,Medtr2g082510
1282,Medtr2g082880
1283,Medtr2g083220
1284,Medtr2g083490
1285,Medtr2g083810
1286,Medtr2g083860
1287,Medtr2g084000
1288,Medtr2g084220
1289,Medtr2g084225
1290,Medtr2g084235
1291,Medtr2g084245
1292,Medtr2g084425
1293,Medtr2g084480
1294,Medtr2g084535
1295,Medtr2g084540
1296,Medtr2g084565
1297,Medtr2g084595
1298,Medtr2g085025
1299,Medtr2g085045
1300,Medtr2g085065
1301,Medtr2g086040
1302,Medtr2g086200
1303,Medtr2g086210
1304,Medtr2g086340
1305,Medtr2g086510
1306,Medtr2g086600
1307,Medtr2g086730
1308,Medtr2g086740
1309,Medtr2g086880
1310,Medtr2g086890
1311,Medtr2g086970
1312,Medtr2g087270
1313,Medtr2g087680
1314,Medtr2g087870
1315,Medtr2g087900
1316,Medtr2g088220
1317,Medtr2g088400
1318,Medtr2g088460
1319,Medtr2g088700
1320,Medtr2g088720
1321,Medtr2g088860
1322,Medtr2g088870
1323,Medtr2g088990
1324,Medtr2g089140
1325,Medtr2g089200
1326,Medtr2g089310
1327,Medtr2g089735
1328,Medtr2g089785
1329,Medtr2g089940
1330,Medtr2g089960
1331,Medtr2g089970
1332,Medtr2g089990
1333,Medtr2g089995
1334,Medtr2g090035
1335,Medtr2g090055
1336,Medtr2g090120
1337,Medtr2g090150
1338,Medtr2g090175
1339,Medtr2g090180
1340,Medtr2g090190
1341,Medtr2g090265
1342,Medtr2g090290
1343,Medtr2g090355
1344,Medtr2g090380
1345,Medtr2g090390
1346,Medtr2g090595
1347,Medtr2g090645
1348,Medtr2g090765
1349,Medtr2g090845
1350,Medtr2g090875
1351,Medtr2g090895
1352,Medtr2g090900
1353,Medtr2g091135
1354,Medtr2g091165
1355,Medtr2g091185
1356,Medtr2g091225
1357,Medtr2g091290
1358,Medtr2g094090
1359,Medtr2g094190
1360,Medtr2g094210
1361,Medtr2g094470
1362,Medtr2g094490
1363,Medtr2g094550
1364,Medtr2g094570
1365,Medtr2g094640
1366,Medtr2g094720
1367,Medtr2g094920
1368,Medtr2g095030
1369,Medtr2g095920
1370,Medtr2g095940
1371,Medtr2g095950
1372,Medtr2g096100
1373,Medtr2g096110
1374,Medtr2g096360
1375,Medtr2g096370
1376,Medtr2g096560
1377,Medtr2g096570
1378,Medtr2g096640
1379,Medtr2g096660
1380,Medtr2g097010
1381,Medtr2g097240
1382,Medtr2g097420
1383,Medtr2g097690
1384,Medtr2g097740
1385,Medtr2g097770
1386,Medtr2g097910
1387,Medtr2g097950
1388,Medtr2g097980
1389,Medtr2g098030
1390,Medtr2g098080
1391,Medtr2g098150
1392,Medtr2g098470
1393,Medtr2g098490
1394,Medtr2g098650
1395,Medtr2g098660
1396,Medtr2g098850
1397,Medtr2g098880
1398,Medtr2g098950
1399,Medtr2g098960
1400,Medtr2g099020
1401,Medtr2g099050
1402,Medtr2g099060
1403,Medtr2g099090
1404,Medtr2g099095
1405,Medtr2g099125
1406,Medtr2g099155
1407,Medtr2g099360
1408,Medtr2g099380
1409,Medtr2g099560
1410,Medtr2g099610
1411,Medtr2g099670
1412,Medtr2g099720
1413,Medtr2g099940
1414,Medtr2g100000
1415,Medtr2g100060
1416,Medtr2g100220
1417,Medtr2g100230
1418,Medtr2g100240
1419,Medtr2g100370
1420,Medtr2g100530
1421,Medtr2g100590
1422,Medtr2g101370
1423,Medtr2g101480
1424,Medtr2g101500
1425,Medtr2g101700
1426,Medtr2g101720
1427,Medtr2g101770
1428,Medtr2g101840
1429,Medtr2g101850
1430,Medtr2g101890
1431,Medtr2g101940
1432,Medtr2g102227
1433,Medtr2g102273
1434,Medtr2g102340
1435,Medtr2g102370
1436,Medtr2g102453
1437,Medtr2g102800
1438,Medtr2g103170
1439,Medtr2g103570
1440,Medtr2g103650
1441,Medtr2g103670
1442,Medtr2g103870
1443,Medtr2g104010
1444,Medtr2g104030
1445,Medtr2g104040
1446,Medtr2g104070
1447,Medtr2g104110
1448,Medtr2g104130
1449,Medtr2g104410
1450,Medtr2g104420
1451,Medtr2g104440
1452,Medtr2g104465
1453,Medtr2g104500
1454,Medtr2g104600
1455,Medtr2g104650
1456,Medtr2g104960
1457,Medtr2g104990
1458,Medtr2g105000
1459,Medtr2g105010
1460,Medtr2g105270
1461,Medtr2g105430
1462,Medtr2g105640
1463,Medtr2g105930
1464,Medtr2g426060
1465,Medtr2g426080
1466,Medtr2g435340
1467,Medtr2g435540
1468,Medtr2g435690
1469,Medtr2g435720
1470,Medtr2g436310
1471,Medtr2g436410
1472,Medtr2g436560
1473,Medtr2g436580
1474,Medtr2g436600
1475,Medtr2g436620
1476,Medtr2g436650
1477,Medtr2g436680
1478,Medtr2g436860
1479,Medtr2g436930
1480,Medtr2g437060
1481,Medtr2g437090
1482,Medtr2g437130
1483,Medtr2g437160
1484,Medtr2g437240
1485,Medtr2g437440
1486,Medtr2g437470
1487,Medtr2g437660
1488,Medtr2g437700
1489,Medtr2g437810
1490,Medtr2g437840
1491,Medtr2g438020
1492,Medtr2g438190
1493,Medtr2g438210
1494,Medtr2g438510
1495,Medtr2g438640
1496,Medtr2g438770
1497,Medtr2g449880
1498,Medtr2g450080
1499,Medtr2g450100
1500,Medtr2g450720
1501,Medtr2g460600
1502,Medtr2g460740
1503,Medtr2g460800
1504,Medtr2g461020
1505,Medtr2g461190
1506,Medtr2g461530
1507,Medtr2g461540
1508,Medtr3g005010
1509,Medtr3g005100
1510,Medtr3g005290
1511,Medtr3g005340
1512,Medtr3g005710
1513,Medtr3g005730
1514,Medtr3g005800
1515,Medtr3g006055
1516,Medtr3g006210
1517,Medtr3g006600
1518,Medtr3g006790
1519,Medtr3g007190
1520,Medtr3g007270
1521,Medtr3g007650
1522,Medtr3g007900
1523,Medtr3g008100
1524,Medtr3g008530
1525,Medtr3g008840
1526,Medtr3g008920
1527,Medtr3g009240
1528,Medtr3g009250
1529,Medtr3g009280
1530,Medtr3g009470
1531,Medtr3g009510
1532,Medtr3g009740
1533,Medtr3g009960
1534,Medtr3g010180
1535,Medtr3g010210
1536,Medtr3g010273
1537,Medtr3g010283
1538,Medtr3g010350
1539,Medtr3g010520
1540,Medtr3g010590
1541,Medtr3g010770
1542,Medtr3g011150
1543,Medtr3g011470
1544,Medtr3g011480
1545,Medtr3g011620
1546,Medtr3g011660
1547,Medtr3g011670
1548,Medtr3g011770
1549,Medtr3g011930
1550,Medtr3g012080
1551,Medtr3g012490
1552,Medtr3g012500
1553,Medtr3g013540
1554,Medtr3g014180
1555,Medtr3g014430
1556,Medtr3g015383
1557,Medtr3g015450
1558,Medtr3g015490
1559,Medtr3g017440
1560,Medtr3g019060
1561,Medtr3g019300
1562,Medtr3g019330
1563,Medtr3g019420
1564,Medtr3g020490
1565,Medtr3g020670
1566,Medtr3g020890
1567,Medtr3g022210
1568,Medtr3g022300
1569,Medtr3g022390
1570,Medtr3g022935
1571,Medtr3g023320
1572,Medtr3g023650
1573,Medtr3g023710
1574,Medtr3g023750
1575,Medtr3g023940
1576,Medtr3g024110
1577,Medtr3g024380
1578,Medtr3g025330
1579,Medtr3g026110
1580,Medtr3g026150
1581,Medtr3g026170
1582,Medtr3g026190
1583,Medtr3g026200
1584,Medtr3g026250
1585,Medtr3g026310
1586,Medtr3g027200
1587,Medtr3g027240
1588,Medtr3g027250
1589,Medtr3g027772
1590,Medtr3g028170
1591,Medtr3g028210
1592,Medtr3g028260
1593,Medtr3g028490
1594,Medtr3g028540
1595,Medtr3g028730
1596,Medtr3g029520
1597,Medtr3g030040
1598,Medtr3g030055
1599,Medtr3g030560
1600,Medtr3g030960
1601,Medtr3g031140
1602,Medtr3g031370
1603,Medtr3g031830
1604,Medtr3g032140
1605,Medtr3g033000
1606,Medtr3g033520
1607,Medtr3g034020
1608,Medtr3g034110
1609,Medtr3g034130
1610,Medtr3g034640
1611,Medtr3g035810
1612,Medtr3g035960
1613,Medtr3g035970
1614,Medtr3g037400
1615,Medtr3g037570
1616,Medtr3g037710
1617,Medtr3g040090
1618,Medtr3g040440
1619,Medtr3g040520
1620,Medtr3g040680
1621,Medtr3g047390
1622,Medtr3g048283
1623,Medtr3g048950
1624,Medtr3g049070
1625,Medtr3g049800
1626,Medtr3g051060
1627,Medtr3g051110
1628,Medtr3g051420
1629,Medtr3g051690
1630,Medtr3g052180
1631,Medtr3g052580
1632,Medtr3g052930
1633,Medtr3g052940
1634,Medtr3g052990
1635,Medtr3g053020
1636,Medtr3g053190
1637,Medtr3g053230
1638,Medtr3g053420
1639,Medtr3g053460
1640,Medtr3g053510
1641,Medtr3g053690
1642,Medtr3g053700
1643,Medtr3g053770
1644,Medtr3g054030
1645,Medtr3g054040
1646,Medtr3g054420
1647,Medtr3g055020
1648,Medtr3g055130
1649,Medtr3g055200
1650,Medtr3g055210
1651,Medtr3g055370
1652,Medtr3g055720
1653,Medtr3g055920
1654,Medtr3g055960
1655,Medtr3g055970
1656,Medtr3g058160
1657,Medtr3g058220
1658,Medtr3g058430
1659,Medtr3g058610
1660,Medtr3g058630
1661,Medtr3g058870
1662,Medtr3g058970
1663,Medtr3g060730
1664,Medtr3g061040
1665,Medtr3g061130
1666,Medtr3g061160
1667,Medtr3g061320
1668,Medtr3g061330
1669,Medtr3g061490
1670,Medtr3g061680
1671,Medtr3g062020
1672,Medtr3g062450
1673,Medtr3g062570
1674,Medtr3g062640
1675,Medtr3g062850
1676,Medtr3g063970
1677,Medtr3g063990
1678,Medtr3g064040
1679,Medtr3g064080
1680,Medtr3g064260
1681,Medtr3g064280
1682,Medtr3g064390
1683,Medtr3g064500
1684,Medtr3g064700
1685,Medtr3g064740
1686,Medtr3g064900
1687,Medtr3g065110
1688,Medtr3g065180
1689,Medtr3g065480
1690,Medtr3g065490
1691,Medtr3g065570
1692,Medtr3g065950
1693,Medtr3g065960
1694,Medtr3g065970
1695,Medtr3g065980
1696,Medtr3g066060
1697,Medtr3g067270
1698,Medtr3g067280
1699,Medtr3g067433
1700,Medtr3g067495
1701,Medtr3g067555
1702,Medtr3g067610
1703,Medtr3g067615
1704,Medtr3g067650
1705,Medtr3g067695
1706,Medtr3g067715
1707,Medtr3g067725
1708,Medtr3g067815
1709,Medtr3g067935
1710,Medtr3g067980
1711,Medtr3g068035
1712,Medtr3g068155
1713,Medtr3g068175
1714,Medtr3g069070
1715,Medtr3g069080
1716,Medtr3g069180
1717,Medtr3g069580
1718,Medtr3g069620
1719,Medtr3g069720
1720,Medtr3g069760
1721,Medtr3g069910
1722,Medtr3g070050
1723,Medtr3g070070
1724,Medtr3g070140
1725,Medtr3g070170
1726,Medtr3g070210
1727,Medtr3g070315
1728,Medtr3g070330
1729,Medtr3g070590
1730,Medtr3g070850
1731,Medtr3g070860
1732,Medtr3g071070
1733,Medtr3g071980
1734,Medtr3g072005
1735,Medtr3g072010
1736,Medtr3g072080
1737,Medtr3g072105
1738,Medtr3g072170
1739,Medtr3g072190
1740,Medtr3g072600
1741,Medtr3g072860
1742,Medtr3g072870
1743,Medtr3g073100
1744,Medtr3g073240
1745,Medtr3g073300
1746,Medtr3g073360
1747,Medtr3g073390
1748,Medtr3g073550
1749,Medtr3g074040
1750,Medtr3g074060
1751,Medtr3g074080
1752,Medtr3g074210
1753,Medtr3g074450
1754,Medtr3g074610
1755,Medtr3g074620
1756,Medtr3g074640
1757,Medtr3g075090
1758,Medtr3g075140
1759,Medtr3g075210
1760,Medtr3g075240
1761,Medtr3g076540
1762,Medtr3g076610
1763,Medtr3g076920
1764,Medtr3g076970
1765,Medtr3g076990
1766,Medtr3g077030
1767,Medtr3g077080
1768,Medtr3g077120
1769,Medtr3g077160
1770,Medtr3g077240
1771,Medtr3g077250
1772,Medtr3g077410
1773,Medtr3g077590
1774,Medtr3g077620
1775,Medtr3g077990
1776,Medtr3g078000
1777,Medtr3g078010
1778,Medtr3g078110
1779,Medtr3g078270
1780,Medtr3g078300
1781,Medtr3g078490
1782,Medtr3g078580
1783,Medtr3g078613
1784,Medtr3g078700
1785,Medtr3g078740
1786,Medtr3g079210
1787,Medtr3g079310
1788,Medtr3g079530
1789,Medtr3g079900
1790,Medtr3g079915
1791,Medtr3g080040
1792,Medtr3g080120
1793,Medtr3g080160
1794,Medtr3g080260
1795,Medtr3g080455
1796,Medtr3g080460
1797,Medtr3g080480
1798,Medtr3g080680
1799,Medtr3g080750
1800,Medtr3g080765
1801,Medtr3g080870
1802,Medtr3g081130
1803,Medtr3g081290
1804,Medtr3g081380
1805,Medtr3g081480
1806,Medtr3g081610
1807,Medtr3g082070
1808,Medtr3g082180
1809,Medtr3g082430
1810,Medtr3g082725
1811,Medtr3g083370
1812,Medtr3g083470
1813,Medtr3g083800
1814,Medtr3g083810
1815,Medtr3g084090
1816,Medtr3g084100
1817,Medtr3g084150
1818,Medtr3g084210
1819,Medtr3g084350
1820,Medtr3g084500
1821,Medtr3g084510
1822,Medtr3g084520
1823,Medtr3g084530
1824,Medtr3g084630
1825,Medtr3g085030
1826,Medtr3g085160
1827,Medtr3g085180
1828,Medtr3g085190
1829,Medtr3g085395
1830,Medtr3g085430
1831,Medtr3g085480
1832,Medtr3g085510
1833,Medtr3g085570
1834,Medtr3g085640
1835,Medtr3g085660
1836,Medtr3g085720
1837,Medtr3g086000
1838,Medtr3g086120
1839,Medtr3g086190
1840,Medtr3g086340
1841,Medtr3g086460
1842,Medtr3g086590
1843,Medtr3g086610
1844,Medtr3g086840
1845,Medtr3g087050
1846,Medtr3g087325
1847,Medtr3g087590
1848,Medtr3g087640
1849,Medtr3g087760
1850,Medtr3g087770
1851,Medtr3g087780
1852,Medtr3g087860
1853,Medtr3g087950
1854,Medtr3g088010
1855,Medtr3g088455
1856,Medtr3g088470
1857,Medtr3g088475
1858,Medtr3g088495
1859,Medtr3g088505
1860,Medtr3g088520
1861,Medtr3g088565
1862,Medtr3g088640
1863,Medtr3g088650
1864,Medtr3g088665
1865,Medtr3g088755
1866,Medtr3g088940
1867,Medtr3g089010
1868,Medtr3g089075
1869,Medtr3g089100
1870,Medtr3g089140
1871,Medtr3g089170
1872,Medtr3g089510
1873,Medtr3g090170
1874,Medtr3g090220
1875,Medtr3g090430
1876,Medtr3g090480
1877,Medtr3g090490
1878,Medtr3g090510
1879,Medtr3g090600
1880,Medtr3g090665
1881,Medtr3g090670
1882,Medtr3g090960
1883,Medtr3g091045
1884,Medtr3g091060
1885,Medtr3g091130
1886,Medtr3g091310
1887,Medtr3g091440
1888,Medtr3g091640
1889,Medtr3g091650
1890,Medtr3g092095
1891,Medtr3g092200
1892,Medtr3g092360
1893,Medtr3g092435
1894,Medtr3g092510
1895,Medtr3g092670
1896,Medtr3g093020
1897,Medtr3g093030
1898,Medtr3g093040
1899,Medtr3g093320
1900,Medtr3g093520
1901,Medtr3g093530
1902,Medtr3g093570
1903,Medtr3g093810
1904,Medtr3g093860
1905,Medtr3g094020
1906,Medtr3g094030
1907,Medtr3g094300
1908,Medtr3g094760
1909,Medtr3g094800
1910,Medtr3g094840
1911,Medtr3g094970
1912,Medtr3g095100
1913,Medtr3g095210
1914,Medtr3g095380
1915,Medtr3g095520
1916,Medtr3g095530
1917,Medtr3g095780
1918,Medtr3g095900
1919,Medtr3g096230
1920,Medtr3g096400
1921,Medtr3g096680
1922,Medtr3g096700
1923,Medtr3g096790
1924,Medtr3g097120
1925,Medtr3g097280
1926,Medtr3g097290
1927,Medtr3g097320
1928,Medtr3g097420
1929,Medtr3g097480
1930,Medtr3g097490
1931,Medtr3g097570
1932,Medtr3g098090
1933,Medtr3g098100
1934,Medtr3g098130
1935,Medtr3g098160
1936,Medtr3g098170
1937,Medtr3g098510
1938,Medtr3g098530
1939,Medtr3g098720
1940,Medtr3g098810
1941,Medtr3g098960
1942,Medtr3g099220
1943,Medtr3g099240
1944,Medtr3g099380
1945,Medtr3g099430
1946,Medtr3g099470
1947,Medtr3g099500
1948,Medtr3g099580
1949,Medtr3g099780
1950,Medtr3g099830
1951,Medtr3g099940
1952,Medtr3g100090
1953,Medtr3g100160
1954,Medtr3g100250
1955,Medtr3g100590
1956,Medtr3g100600
1957,Medtr3g100620
1958,Medtr3g100630
1959,Medtr3g100680
1960,Medtr3g101510
1961,Medtr3g101540
1962,Medtr3g101630
1963,Medtr3g101660
1964,Medtr3g102170
1965,Medtr3g102220
1966,Medtr3g102620
1967,Medtr3g102730
1968,Medtr3g102760
1969,Medtr3g102790
1970,Medtr3g103080
1971,Medtr3g103090
1972,Medtr3g103270
1973,Medtr3g103310
1974,Medtr3g103320
1975,Medtr3g103470
1976,Medtr3g103490
1977,Medtr3g103500
1978,Medtr3g103510
1979,Medtr3g103520
1980,Medtr3g104110
1981,Medtr3g104310
1982,Medtr3g104400
1983,Medtr3g104420
1984,Medtr3g104555
1985,Medtr3g104600
1986,Medtr3g104670
1987,Medtr3g104850
1988,Medtr3g104880
1989,Medtr3g105080
1990,Medtr3g105200
1991,Medtr3g105290
1992,Medtr3g105325
1993,Medtr3g105400
1994,Medtr3g105780
1995,Medtr3g105790
1996,Medtr3g105860
1997,Medtr3g105900
1998,Medtr3g106220
1999,Medtr3g106320
2000,Medtr3g106480
2001,Medtr3g106485
2002,Medtr3g106550
2003,Medtr3g106560
2004,Medtr3g106620
2005,Medtr3g106690
2006,Medtr3g106750
2007,Medtr3g106780
2008,Medtr3g106900
2009,Medtr3g106920
2010,Medtr3g107050
2011,Medtr3g107420
2012,Medtr3g107450
2013,Medtr3g107520
2014,Medtr3g107550
2015,Medtr3g107590
2016,Medtr3g107680
2017,Medtr3g107870
2018,Medtr3g107940
2019,Medtr3g108020
2020,Medtr3g108160
2021,Medtr3g108310
2022,Medtr3g108600
2023,Medtr3g108630
2024,Medtr3g108650
2025,Medtr3g108770
2026,Medtr3g108860
2027,Medtr3g109250
2028,Medtr3g109270
2029,Medtr3g109320
2030,Medtr3g109375
2031,Medtr3g109380
2032,Medtr3g109470
2033,Medtr3g109922
2034,Medtr3g109985
2035,Medtr3g110008
2036,Medtr3g110022
2037,Medtr3g110032
2038,Medtr3g110038
2039,Medtr3g110042
2040,Medtr3g110065
2041,Medtr3g110110
2042,Medtr3g110122
2043,Medtr3g110138
2044,Medtr3g110180
2045,Medtr3g110190
2046,Medtr3g110250
2047,Medtr3g110350
2048,Medtr3g110390
2049,Medtr3g110590
2050,Medtr3g110630
2051,Medtr3g110640
2052,Medtr3g110650
2053,Medtr3g110710
2054,Medtr3g110890
2055,Medtr3g111210
2056,Medtr3g111310
2057,Medtr3g111330
2058,Medtr3g111380
2059,Medtr3g111580
2060,Medtr3g111630
2061,Medtr3g111700
2062,Medtr3g111980
2063,Medtr3g112040
2064,Medtr3g112070
2065,Medtr3g112180
2066,Medtr3g112190
2067,Medtr3g112210
2068,Medtr3g112340
2069,Medtr3g112400
2070,Medtr3g112490
2071,Medtr3g113070
2072,Medtr3g113100
2073,Medtr3g113210
2074,Medtr3g113240
2075,Medtr3g113670
2076,Medtr3g113880
2077,Medtr3g113910
2078,Medtr3g113970
2079,Medtr3g114030
2080,Medtr3g114040
2081,Medtr3g114090
2082,Medtr3g114110
2083,Medtr3g114500
2084,Medtr3g114540
2085,Medtr3g114670
2086,Medtr3g114680
2087,Medtr3g114870
2088,Medtr3g114890
2089,Medtr3g115040
2090,Medtr3g115100
2091,Medtr3g115150
2092,Medtr3g115200
2093,Medtr3g115280
2094,Medtr3g115290
2095,Medtr3g115400
2096,Medtr3g115500
2097,Medtr3g115510
2098,Medtr3g115580
2099,Medtr3g115630
2100,Medtr3g115870
2101,Medtr3g115930
2102,Medtr3g116060
2103,Medtr3g116155
2104,Medtr3g116240
2105,Medtr3g116260
2106,Medtr3g116500
2107,Medtr3g116590
2108,Medtr3g116920
2109,Medtr3g116930
2110,Medtr3g116950
2111,Medtr3g116960
2112,Medtr3g117100
2113,Medtr3g117270
2114,Medtr3g117380
2115,Medtr3g117550
2116,Medtr3g117640
2117,Medtr3g117710
2118,Medtr3g117730
2119,Medtr3g117800
2120,Medtr3g117890
2121,Medtr3g117990
2122,Medtr3g118040
2123,Medtr3g118070
2124,Medtr3g118090
2125,Medtr3g118100
2126,Medtr3g118500
2127,Medtr3g118510
2128,Medtr3g118520
2129,Medtr3g118525
2130,Medtr3g433520
2131,Medtr3g435170
2132,Medtr3g435220
2133,Medtr3g435370
2134,Medtr3g436080
2135,Medtr3g437340
2136,Medtr3g437790
2137,Medtr3g437820
2138,Medtr3g437860
2139,Medtr3g448460
2140,Medtr3g448620
2141,Medtr3g448640
2142,Medtr3g449450
2143,Medtr3g449880
2144,Medtr3g450200
2145,Medtr3g450680
2146,Medtr3g452060
2147,Medtr3g452120
2148,Medtr3g452130
2149,Medtr3g452360
2150,Medtr3g452410
2151,Medtr3g452880
2152,Medtr3g460800
2153,Medtr3g461430
2154,Medtr3g461490
2155,Medtr3g462060
2156,Medtr3g462070
2157,Medtr3g462280
2158,Medtr3g463010
2159,Medtr3g463170
2160,Medtr3g463520
2161,Medtr3g463530
2162,Medtr3g463570
2163,Medtr3g463610
2164,Medtr3g463620
2165,Medtr3g464370
2166,Medtr3g464500
2167,Medtr3g464510
2168,Medtr3g464520
2169,Medtr3g464780
2170,Medtr3g464850
2171,Medtr3g465120
2172,Medtr3g465430
2173,Medtr3g465600
2174,Medtr3g465780
2175,Medtr3g465800
2176,Medtr3g466420
2177,Medtr3g466430
2178,Medtr3g466540
2179,Medtr3g466550
2180,Medtr3g466760
2181,Medtr3g466790
2182,Medtr3g467380
2183,Medtr3g467750
2184,Medtr3g491820
2185,Medtr3g491850
2186,Medtr3g491860
2187,Medtr3g491900
2188,Medtr3g498755
2189,Medtr3g498775
2190,Medtr3g498845
2191,Medtr4g005130
2192,Medtr4g005190
2193,Medtr4g005300
2194,Medtr4g005340
2195,Medtr4g005440
2196,Medtr4g005450
2197,Medtr4g005510
2198,Medtr4g005800
2199,Medtr4g005930
2200,Medtr4g006030
2201,Medtr4g006080
2202,Medtr4g006630
2203,Medtr4g006730
2204,Medtr4g006875
2205,Medtr4g006970
2206,Medtr4g007030
2207,Medtr4g007080
2208,Medtr4g007240
2209,Medtr4g007250
2210,Medtr4g007290
2211,Medtr4g007410
2212,Medtr4g007620
2213,Medtr4g007740
2214,Medtr4g007910
2215,Medtr4g008070
2216,Medtr4g008080
2217,Medtr4g008180
2218,Medtr4g008200
2219,Medtr4g008530
2220,Medtr4g008540
2221,Medtr4g008810
2222,Medtr4g009030
2223,Medtr4g009690
2224,Medtr4g009740
2225,Medtr4g009880
2226,Medtr4g009920
2227,Medtr4g010130
2228,Medtr4g010150
2229,Medtr4g010180
2230,Medtr4g010270
2231,Medtr4g010640
2232,Medtr4g011050
2233,Medtr4g011280
2234,Medtr4g011340
2235,Medtr4g011540
2236,Medtr4g011610
2237,Medtr4g011630
2238,Medtr4g011640
2239,Medtr4g011800
2240,Medtr4g011880
2241,Medtr4g011990
2242,Medtr4g012350
2243,Medtr4g012430
2244,Medtr4g012740
2245,Medtr4g012780
2246,Medtr4g012800
2247,Medtr4g012820
2248,Medtr4g012850
2249,Medtr4g012860
2250,Medtr4g012940
2251,Medtr4g013040
2252,Medtr4g013100
2253,Medtr4g013210
2254,Medtr4g013230
2255,Medtr4g013320
2256,Medtr4g013325
2257,Medtr4g013330
2258,Medtr4g013345
2259,Medtr4g013370
2260,Medtr4g014120
2261,Medtr4g014150
2262,Medtr4g014240
2263,Medtr4g014540
2264,Medtr4g014580
2265,Medtr4g014610
2266,Medtr4g014740
2267,Medtr4g014840
2268,Medtr4g014900
2269,Medtr4g014990
2270,Medtr4g015060
2271,Medtr4g015180
2272,Medtr4g015260
2273,Medtr4g015270
2274,Medtr4g015460
2275,Medtr4g015500
2276,Medtr4g015610
2277,Medtr4g015760
2278,Medtr4g015830
2279,Medtr4g015840
2280,Medtr4g016120
2281,Medtr4g016590
2282,Medtr4g016770
2283,Medtr4g016780
2284,Medtr4g017150
2285,Medtr4g017440
2286,Medtr4g018800
2287,Medtr4g019020
2288,Medtr4g019110
2289,Medtr4g019160
2290,Medtr4g019350
2291,Medtr4g019370
2292,Medtr4g019410
2293,Medtr4g019520
2294,Medtr4g019560
2295,Medtr4g019600
2296,Medtr4g019770
2297,Medtr4g019780
2298,Medtr4g019850
2299,Medtr4g019950
2300,Medtr4g020070
2301,Medtr4g020460
2302,Medtr4g020630
2303,Medtr4g021030
2304,Medtr4g021125
2305,Medtr4g021450
2306,Medtr4g021490
2307,Medtr4g021520
2308,Medtr4g021800
2309,Medtr4g021810
2310,Medtr4g022290
2311,Medtr4g022410
2312,Medtr4g022430
2313,Medtr4g022580
2314,Medtr4g022760
2315,Medtr4g022940
2316,Medtr4g022960
2317,Medtr4g023000
2318,Medtr4g023030
2319,Medtr4g023360
2320,Medtr4g023370
2321,Medtr4g023430
2322,Medtr4g023500
2323,Medtr4g023760
2324,Medtr4g024920
2325,Medtr4g024940
2326,Medtr4g025420
2327,Medtr4g025590
2328,Medtr4g025610
2329,Medtr4g025850
2330,Medtr4g026080
2331,Medtr4g026200
2332,Medtr4g026450
2333,Medtr4g026830
2334,Medtr4g027030
2335,Medtr4g027050
2336,Medtr4g027155
2337,Medtr4g027330
2338,Medtr4g028360
2339,Medtr4g028610
2340,Medtr4g028850
2341,Medtr4g029010
2342,Medtr4g029020
2343,Medtr4g029030
2344,Medtr4g029040
2345,Medtr4g029090
2346,Medtr4g029350
2347,Medtr4g029390
2348,Medtr4g029500
2349,Medtr4g029530
2350,Medtr4g029540
2351,Medtr4g030210
2352,Medtr4g031140
2353,Medtr4g031150
2354,Medtr4g031220
2355,Medtr4g031650
2356,Medtr4g031680
2357,Medtr4g031955
2358,Medtr4g032200
2359,Medtr4g032400
2360,Medtr4g032660
2361,Medtr4g032740
2362,Medtr4g032805
2363,Medtr4g033085
2364,Medtr4g033170
2365,Medtr4g033215
2366,Medtr4g033235
2367,Medtr4g033295
2368,Medtr4g033500
2369,Medtr4g034690
2370,Medtr4g034770
2371,Medtr4g035550
2372,Medtr4g035590
2373,Medtr4g035695
2374,Medtr4g035825
2375,Medtr4g035850
2376,Medtr4g035855
2377,Medtr4g035920
2378,Medtr4g035975
2379,Medtr4g036030
2380,Medtr4g036260
2381,Medtr4g036440
2382,Medtr4g036455
2383,Medtr4g036685
2384,Medtr4g036835
2385,Medtr4g037275
2386,Medtr4g037305
2387,Medtr4g037315
2388,Medtr4g037470
2389,Medtr4g037495
2390,Medtr4g037560
2391,Medtr4g037580
2392,Medtr4g037720
2393,Medtr4g039930
2394,Medtr4g040040
2395,Medtr4g043660
2396,Medtr4g043715
2397,Medtr4g044383
2398,Medtr4g044393
2399,Medtr4g044730
2400,Medtr4g045707
2401,Medtr4g045870
2402,Medtr4g045980
2403,Medtr4g046033
2404,Medtr4g046037
2405,Medtr4g046113
2406,Medtr4g046697
2407,Medtr4g046830
2408,Medtr4g046877
2409,Medtr4g048040
2410,Medtr4g048320
2411,Medtr4g048500
2412,Medtr4g048530
2413,Medtr4g048680
2414,Medtr4g049270
2415,Medtr4g049420
2416,Medtr4g049730
2417,Medtr4g049830
2418,Medtr4g050050
2419,Medtr4g050120
2420,Medtr4g050150
2421,Medtr4g050170
2422,Medtr4g050480
2423,Medtr4g050610
2424,Medtr4g050765
2425,Medtr4g050930
2426,Medtr4g051225
2427,Medtr4g051330
2428,Medtr4g051350
2429,Medtr4g051410
2430,Medtr4g051518
2431,Medtr4g051538
2432,Medtr4g051540
2433,Medtr4g051625
2434,Medtr4g051648
2435,Medtr4g052320
2436,Medtr4g052340
2437,Medtr4g052400
2438,Medtr4g052500
2439,Medtr4g052550
2440,Medtr4g052810
2441,Medtr4g052840
2442,Medtr4g052940
2443,Medtr4g052970
2444,Medtr4g053270
2445,Medtr4g053290
2446,Medtr4g053380
2447,Medtr4g053410
2448,Medtr4g053430
2449,Medtr4g053520
2450,Medtr4g053785
2451,Medtr4g055060
2452,Medtr4g056470
2453,Medtr4g056510
2454,Medtr4g056520
2455,Medtr4g057020
2456,Medtr4g057190
2457,Medtr4g057310
2458,Medtr4g057565
2459,Medtr4g057685
2460,Medtr4g057730
2461,Medtr4g057845
2462,Medtr4g057850
2463,Medtr4g058910
2464,Medtr4g058930
2465,Medtr4g059000
2466,Medtr4g059300
2467,Medtr4g059370
2468,Medtr4g059390
2469,Medtr4g059455
2470,Medtr4g059560
2471,Medtr4g059710
2472,Medtr4g059870
2473,Medtr4g060480
2474,Medtr4g060570
2475,Medtr4g061140
2476,Medtr4g061610
2477,Medtr4g061670
2478,Medtr4g062080
2479,Medtr4g062130
2480,Medtr4g063030
2481,Medtr4g063080
2482,Medtr4g063160
2483,Medtr4g063190
2484,Medtr4g063240
2485,Medtr4g063490
2486,Medtr4g063600
2487,Medtr4g064110
2488,Medtr4g064120
2489,Medtr4g064180
2490,Medtr4g064350
2491,Medtr4g064480
2492,Medtr4g064550
2493,Medtr4g064730
2494,Medtr4g064907
2495,Medtr4g064983
2496,Medtr4g064987
2497,Medtr4g064997
2498,Medtr4g065003
2499,Medtr4g065040
2500,Medtr4g065077
2501,Medtr4g065670
2502,Medtr4g066010
2503,Medtr4g066340
2504,Medtr4g066380
2505,Medtr4g066460
2506,Medtr4g066540
2507,Medtr4g067110
2508,Medtr4g067340
2509,Medtr4g068005
2510,Medtr4g068010
2511,Medtr4g068050
2512,Medtr4g068080
2513,Medtr4g068100
2514,Medtr4g068210
2515,Medtr4g068230
2516,Medtr4g068320
2517,Medtr4g068670
2518,Medtr4g068700
2519,Medtr4g068800
2520,Medtr4g068950
2521,Medtr4g069220
2522,Medtr4g069260
2523,Medtr4g069430
2524,Medtr4g069530
2525,Medtr4g069580
2526,Medtr4g069680
2527,Medtr4g069850
2528,Medtr4g070140
2529,Medtr4g070190
2530,Medtr4g070530
2531,Medtr4g070540
2532,Medtr4g070570
2533,Medtr4g070590
2534,Medtr4g070720
2535,Medtr4g070860
2536,Medtr4g071030
2537,Medtr4g071250
2538,Medtr4g071420
2539,Medtr4g071520
2540,Medtr4g071540
2541,Medtr4g071550
2542,Medtr4g072050
2543,Medtr4g072070
2544,Medtr4g072090
2545,Medtr4g072190
2546,Medtr4g072250
2547,Medtr4g072610
2548,Medtr4g072910
2549,Medtr4g073015
2550,Medtr4g073020
2551,Medtr4g073090
2552,Medtr4g073100
2553,Medtr4g073235
2554,Medtr4g073250
2555,Medtr4g073400
2556,Medtr4g073480
2557,Medtr4g073580
2558,Medtr4g073650
2559,Medtr4g073910
2560,Medtr4g073970
2561,Medtr4g074050
2562,Medtr4g074230
2563,Medtr4g074465
2564,Medtr4g074580
2565,Medtr4g074860
2566,Medtr4g075090
2567,Medtr4g075150
2568,Medtr4g075160
2569,Medtr4g075175
2570,Medtr4g075190
2571,Medtr4g075410
2572,Medtr4g075510
2573,Medtr4g075550
2574,Medtr4g075580
2575,Medtr4g075640
2576,Medtr4g075790
2577,Medtr4g076020
2578,Medtr4g076090
2579,Medtr4g076100
2580,Medtr4g076120
2581,Medtr4g076210
2582,Medtr4g076660
2583,Medtr4g076880
2584,Medtr4g076900
2585,Medtr4g077150
2586,Medtr4g077320
2587,Medtr4g077490
2588,Medtr4g077510
2589,Medtr4g077610
2590,Medtr4g077707
2591,Medtr4g077740
2592,Medtr4g077807
2593,Medtr4g078120
2594,Medtr4g078140
2595,Medtr4g078160
2596,Medtr4g079140
2597,Medtr4g079160
2598,Medtr4g079180
2599,Medtr4g079190
2600,Medtr4g079210
2601,Medtr4g079390
2602,Medtr4g079500
2603,Medtr4g079510
2604,Medtr4g079680
2605,Medtr4g079700
2606,Medtr4g080065
2607,Medtr4g080077
2608,Medtr4g080083
2609,Medtr4g080090
2610,Medtr4g080160
2611,Medtr4g080360
2612,Medtr4g080720
2613,Medtr4g080777
2614,Medtr4g080780
2615,Medtr4g080800
2616,Medtr4g080823
2617,Medtr4g080930
2618,Medtr4g081170
2619,Medtr4g081370
2620,Medtr4g081440
2621,Medtr4g081540
2622,Medtr4g081600
2623,Medtr4g081870
2624,Medtr4g082150
2625,Medtr4g082280
2626,Medtr4g082315
2627,Medtr4g082325
2628,Medtr4g082345
2629,Medtr4g082510
2630,Medtr4g082640
2631,Medtr4g082810
2632,Medtr4g082820
2633,Medtr4g083010
2634,Medtr4g083130
2635,Medtr4g083190
2636,Medtr4g083210
2637,Medtr4g083230
2638,Medtr4g083300
2639,Medtr4g083380
2640,Medtr4g083490
2641,Medtr4g083540
2642,Medtr4g083570
2643,Medtr4g083690
2644,Medtr4g083990
2645,Medtr4g084100
2646,Medtr4g084110
2647,Medtr4g084140
2648,Medtr4g084200
2649,Medtr4g084320
2650,Medtr4g084560
2651,Medtr4g084570
2652,Medtr4g084630
2653,Medtr4g084670
2654,Medtr4g084730
2655,Medtr4g084920
2656,Medtr4g084990
2657,Medtr4g085000
2658,Medtr4g085590
2659,Medtr4g085660
2660,Medtr4g085750
2661,Medtr4g085790
2662,Medtr4g086440
2663,Medtr4g086490
2664,Medtr4g086600
2665,Medtr4g086640
2666,Medtr4g086660
2667,Medtr4g086760
2668,Medtr4g087380
2669,Medtr4g087460
2670,Medtr4g087490
2671,Medtr4g087500
2672,Medtr4g087530
2673,Medtr4g087590
2674,Medtr4g087730
2675,Medtr4g087900
2676,Medtr4g087920
2677,Medtr4g087940
2678,Medtr4g087960
2679,Medtr4g088055
2680,Medtr4g088110
2681,Medtr4g088320
2682,Medtr4g088340
2683,Medtr4g088440
2684,Medtr4g088475
2685,Medtr4g088505
2686,Medtr4g088535
2687,Medtr4g088605
2688,Medtr4g088735
2689,Medtr4g088870
2690,Medtr4g088885
2691,Medtr4g088915
2692,Medtr4g088955
2693,Medtr4g089030
2694,Medtr4g089050
2695,Medtr4g089065
2696,Medtr4g089070
2697,Medtr4g089110
2698,Medtr4g090465
2699,Medtr4g090510
2700,Medtr4g090600
2701,Medtr4g090620
2702,Medtr4g090940
2703,Medtr4g091010
2704,Medtr4g091055
2705,Medtr4g091060
2706,Medtr4g091110
2707,Medtr4g091170
2708,Medtr4g091290
2709,Medtr4g091295
2710,Medtr4g091380
2711,Medtr4g091520
2712,Medtr4g091550
2713,Medtr4g091590
2714,Medtr4g091670
2715,Medtr4g091760
2716,Medtr4g091910
2717,Medtr4g092050
2718,Medtr4g092100
2719,Medtr4g092130
2720,Medtr4g092550
2721,Medtr4g092640
2722,Medtr4g092840
2723,Medtr4g092960
2724,Medtr4g093170
2725,Medtr4g093660
2726,Medtr4g093800
2727,Medtr4g093845
2728,Medtr4g093860
2729,Medtr4g094130
2730,Medtr4g094240
2731,Medtr4g094270
2732,Medtr4g094345
2733,Medtr4g094360
2734,Medtr4g094378
2735,Medtr4g094420
2736,Medtr4g094422
2737,Medtr4g094468
2738,Medtr4g094478
2739,Medtr4g094480
2740,Medtr4g094515
2741,Medtr4g094525
2742,Medtr4g094538
2743,Medtr4g094540
2744,Medtr4g094570
2745,Medtr4g094580
2746,Medtr4g094590
2747,Medtr4g094608
2748,Medtr4g094640
2749,Medtr4g094668
2750,Medtr4g094715
2751,Medtr4g094750
2752,Medtr4g094820
2753,Medtr4g094835
2754,Medtr4g094838
2755,Medtr4g094860
2756,Medtr4g094872
2757,Medtr4g094918
2758,Medtr4g094958
2759,Medtr4g094982
2760,Medtr4g094988
2761,Medtr4g094992
2762,Medtr4g095032
2763,Medtr4g095270
2764,Medtr4g095280
2765,Medtr4g095310
2766,Medtr4g095360
2767,Medtr4g095370
2768,Medtr4g095400
2769,Medtr4g095410
2770,Medtr4g095430
2771,Medtr4g095440
2772,Medtr4g095450
2773,Medtr4g095490
2774,Medtr4g095670
2775,Medtr4g095740
2776,Medtr4g096650
2777,Medtr4g096810
2778,Medtr4g096870
2779,Medtr4g097090
2780,Medtr4g097110
2781,Medtr4g097160
2782,Medtr4g097360
2783,Medtr4g097400
2784,Medtr4g097540
2785,Medtr4g097590
2786,Medtr4g097640
2787,Medtr4g097700
2788,Medtr4g097920
2789,Medtr4g098860
2790,Medtr4g098920
2791,Medtr4g098950
2792,Medtr4g098970
2793,Medtr4g099060
2794,Medtr4g099110
2795,Medtr4g099120
2796,Medtr4g099130
2797,Medtr4g099160
2798,Medtr4g099170
2799,Medtr4g099190
2800,Medtr4g099210
2801,Medtr4g099270
2802,Medtr4g099320
2803,Medtr4g099360
2804,Medtr4g099470
2805,Medtr4g099480
2806,Medtr4g100350
2807,Medtr4g100550
2808,Medtr4g100610
2809,Medtr4g100650
2810,Medtr4g100740
2811,Medtr4g100750
2812,Medtr4g100770
2813,Medtr4g100920
2814,Medtr4g101020
2815,Medtr4g101140
2816,Medtr4g101240
2817,Medtr4g101260
2818,Medtr4g101280
2819,Medtr4g101380
2820,Medtr4g101450
2821,Medtr4g101620
2822,Medtr4g101630
2823,Medtr4g101890
2824,Medtr4g101930
2825,Medtr4g102010
2826,Medtr4g102240
2827,Medtr4g102250
2828,Medtr4g102260
2829,Medtr4g102270
2830,Medtr4g102360
2831,Medtr4g102460
2832,Medtr4g102530
2833,Medtr4g102550
2834,Medtr4g102670
2835,Medtr4g102770
2836,Medtr4g103250
2837,Medtr4g103490
2838,Medtr4g103580
2839,Medtr4g103610
2840,Medtr4g103620
2841,Medtr4g104370
2842,Medtr4g104410
2843,Medtr4g104430
2844,Medtr4g104680
2845,Medtr4g104760
2846,Medtr4g104980
2847,Medtr4g105010
2848,Medtr4g105020
2849,Medtr4g105130
2850,Medtr4g105480
2851,Medtr4g105490
2852,Medtr4g105520
2853,Medtr4g105570
2854,Medtr4g105690
2855,Medtr4g106370
2856,Medtr4g106400
2857,Medtr4g106420
2858,Medtr4g106480
2859,Medtr4g106510
2860,Medtr4g106700
2861,Medtr4g106790
2862,Medtr4g106950
2863,Medtr4g107180
2864,Medtr4g107230
2865,Medtr4g107280
2866,Medtr4g107370
2867,Medtr4g107500
2868,Medtr4g107620
2869,Medtr4g108100
2870,Medtr4g108140
2871,Medtr4g108350
2872,Medtr4g108590
2873,Medtr4g108820
2874,Medtr4g108950
2875,Medtr4g108990
2876,Medtr4g109020
2877,Medtr4g109100
2878,Medtr4g109110
2879,Medtr4g109270
2880,Medtr4g109290
2881,Medtr4g109310
2882,Medtr4g109330
2883,Medtr4g109520
2884,Medtr4g109550
2885,Medtr4g109590
2886,Medtr4g109960
2887,Medtr4g110030
2888,Medtr4g110170
2889,Medtr4g111700
2890,Medtr4g111710
2891,Medtr4g111720
2892,Medtr4g111810
2893,Medtr4g111870
2894,Medtr4g111880
2895,Medtr4g111985
2896,Medtr4g112080
2897,Medtr4g112370
2898,Medtr4g112870
2899,Medtr4g112990
2900,Medtr4g113020
2901,Medtr4g113200
2902,Medtr4g113270
2903,Medtr4g113335
2904,Medtr4g113340
2905,Medtr4g113670
2906,Medtr4g113720
2907,Medtr4g113790
2908,Medtr4g113830
2909,Medtr4g114040
2910,Medtr4g114060
2911,Medtr4g114180
2912,Medtr4g114210
2913,Medtr4g114320
2914,Medtr4g114620
2915,Medtr4g114640
2916,Medtr4g114650
2917,Medtr4g114690
2918,Medtr4g114900
2919,Medtr4g114920
2920,Medtr4g114960
2921,Medtr4g114970
2922,Medtr4g115075
2923,Medtr4g115120
2924,Medtr4g115150
2925,Medtr4g115160
2926,Medtr4g115420
2927,Medtr4g115640
2928,Medtr4g115720
2929,Medtr4g115740
2930,Medtr4g115900
2931,Medtr4g115920
2932,Medtr4g116020
2933,Medtr4g116070
2934,Medtr4g116100
2935,Medtr4g116273
2936,Medtr4g116360
2937,Medtr4g116385
2938,Medtr4g116520
2939,Medtr4g116830
2940,Medtr4g117220
2941,Medtr4g117350
2942,Medtr4g117450
2943,Medtr4g117570
2944,Medtr4g117660
2945,Medtr4g117670
2946,Medtr4g117750
2947,Medtr4g117890
2948,Medtr4g117990
2949,Medtr4g118320
2950,Medtr4g118560
2951,Medtr4g118570
2952,Medtr4g118590
2953,Medtr4g118610
2954,Medtr4g118760
2955,Medtr4g118845
2956,Medtr4g119100
2957,Medtr4g119190
2958,Medtr4g119230
2959,Medtr4g119428
2960,Medtr4g119770
2961,Medtr4g119860
2962,Medtr4g119880
2963,Medtr4g119980
2964,Medtr4g120070
2965,Medtr4g120150
2966,Medtr4g120200
2967,Medtr4g120220
2968,Medtr4g120300
2969,Medtr4g120360
2970,Medtr4g120490
2971,Medtr4g120730
2972,Medtr4g120750
2973,Medtr4g120880
2974,Medtr4g121020
2975,Medtr4g121923
2976,Medtr4g122040
2977,Medtr4g122670
2978,Medtr4g122710
2979,Medtr4g123020
2980,Medtr4g123060
2981,Medtr4g123090
2982,Medtr4g123480
2983,Medtr4g123553
2984,Medtr4g123760
2985,Medtr4g123880
2986,Medtr4g124150
2987,Medtr4g124190
2988,Medtr4g124300
2989,Medtr4g124360
2990,Medtr4g124370
2991,Medtr4g124380
2992,Medtr4g124450
2993,Medtr4g124510
2994,Medtr4g124570
2995,Medtr4g124750
2996,Medtr4g124770
2997,Medtr4g124790
2998,Medtr4g124820
2999,Medtr4g124920
3000,Medtr4g124980
3001,Medtr4g125010
3002,Medtr4g125330
3003,Medtr4g125350
3004,Medtr4g125620
3005,Medtr4g125740
3006,Medtr4g125800
3007,Medtr4g125980
3008,Medtr4g125990
3009,Medtr4g126010
3010,Medtr4g126220
3011,Medtr4g126260
3012,Medtr4g126770
3013,Medtr4g127120
3014,Medtr4g127150
3015,Medtr4g127220
3016,Medtr4g127380
3017,Medtr4g127440
3018,Medtr4g127490
3019,Medtr4g127680
3020,Medtr4g127900
3021,Medtr4g127930
3022,Medtr4g128150
3023,Medtr4g128260
3024,Medtr4g128320
3025,Medtr4g129070
3026,Medtr4g129200
3027,Medtr4g129490
3028,Medtr4g129510
3029,Medtr4g129560
3030,Medtr4g129630
3031,Medtr4g129710
3032,Medtr4g129730
3033,Medtr4g129770
3034,Medtr4g129790
3035,Medtr4g130180
3036,Medtr4g130210
3037,Medtr4g130300
3038,Medtr4g130410
3039,Medtr4g130650
3040,Medtr4g130660
3041,Medtr4g130690
3042,Medtr4g130730
3043,Medtr4g130770
3044,Medtr4g130830
3045,Medtr4g130940
3046,Medtr4g131000
3047,Medtr4g131060
3048,Medtr4g131270
3049,Medtr4g131380
3050,Medtr4g131540
3051,Medtr4g131750
3052,Medtr4g131850
3053,Medtr4g131880
3054,Medtr4g131930
3055,Medtr4g132080
3056,Medtr4g132360
3057,Medtr4g132500
3058,Medtr4g132540
3059,Medtr4g132560
3060,Medtr4g132590
3061,Medtr4g132620
3062,Medtr4g132730
3063,Medtr4g132740
3064,Medtr4g132850
3065,Medtr4g132870
3066,Medtr4g132970
3067,Medtr4g133000
3068,Medtr4g133060
3069,Medtr4g133070
3070,Medtr4g133110
3071,Medtr4g133170
3072,Medtr4g133410
3073,Medtr4g133470
3074,Medtr4g133570
3075,Medtr4g133600
3076,Medtr4g133640
3077,Medtr4g134320
3078,Medtr4g134350
3079,Medtr4g134370
3080,Medtr4g134380
3081,Medtr4g134460
3082,Medtr4g134540
3083,Medtr4g134550
3084,Medtr4g134590
3085,Medtr4g134630
3086,Medtr4g134660
3087,Medtr4g415360
3088,Medtr4g451295
3089,Medtr4g451315
3090,Medtr4g459450
3091,Medtr4g478220
3092,Medtr4g478280
3093,Medtr4g485520
3094,Medtr5g004690
3095,Medtr5g004870
3096,Medtr5g004970
3097,Medtr5g005040
3098,Medtr5g005130
3099,Medtr5g005320
3100,Medtr5g005420
3101,Medtr5g005470
3102,Medtr5g005810
3103,Medtr5g006110
3104,Medtr5g006230
3105,Medtr5g006300
3106,Medtr5g006310
3107,Medtr5g006345
3108,Medtr5g006800
3109,Medtr5g006820
3110,Medtr5g007080
3111,Medtr5g007260
3112,Medtr5g007350
3113,Medtr5g007400
3114,Medtr5g007700
3115,Medtr5g007710
3116,Medtr5g008160
3117,Medtr5g008340
3118,Medtr5g008695
3119,Medtr5g008800
3120,Medtr5g009000
3121,Medtr5g009060
3122,Medtr5g009570
3123,Medtr5g009930
3124,Medtr5g010060
3125,Medtr5g010070
3126,Medtr5g010140
3127,Medtr5g010150
3128,Medtr5g010440
3129,Medtr5g010500
3130,Medtr5g010610
3131,Medtr5g011040
3132,Medtr5g011060
3133,Medtr5g011200
3134,Medtr5g011410
3135,Medtr5g011480
3136,Medtr5g011500
3137,Medtr5g011550
3138,Medtr5g011580
3139,Medtr5g011690
3140,Medtr5g011750
3141,Medtr5g011940
3142,Medtr5g012060
3143,Medtr5g012210
3144,Medtr5g012220
3145,Medtr5g012525
3146,Medtr5g012840
3147,Medtr5g012860
3148,Medtr5g013010
3149,Medtr5g013040
3150,Medtr5g013170
3151,Medtr5g013285
3152,Medtr5g013300
3153,Medtr5g013370
3154,Medtr5g013390
3155,Medtr5g013480
3156,Medtr5g013520
3157,Medtr5g013530
3158,Medtr5g013540
3159,Medtr5g013580
3160,Medtr5g013670
3161,Medtr5g013690
3162,Medtr5g013770
3163,Medtr5g013820
3164,Medtr5g013865
3165,Medtr5g014200
3166,Medtr5g014230
3167,Medtr5g014330
3168,Medtr5g014410
3169,Medtr5g014520
3170,Medtr5g014600
3171,Medtr5g014710
3172,Medtr5g014750
3173,Medtr5g015020
3174,Medtr5g015180
3175,Medtr5g015290
3176,Medtr5g015340
3177,Medtr5g015370
3178,Medtr5g015480
3179,Medtr5g015490
3180,Medtr5g015500
3181,Medtr5g015580
3182,Medtr5g015770
3183,Medtr5g015810
3184,Medtr5g015920
3185,Medtr5g016250
3186,Medtr5g016270
3187,Medtr5g016350
3188,Medtr5g016510
3189,Medtr5g016570
3190,Medtr5g016590
3191,Medtr5g016600
3192,Medtr5g016630
3193,Medtr5g016640
3194,Medtr5g016680
3195,Medtr5g016810
3196,Medtr5g016830
3197,Medtr5g017050
3198,Medtr5g017260
3199,Medtr5g017410
3200,Medtr5g017510
3201,Medtr5g017600
3202,Medtr5g017630
3203,Medtr5g017640
3204,Medtr5g018510
3205,Medtr5g018610
3206,Medtr5g018680
3207,Medtr5g018720
3208,Medtr5g018750
3209,Medtr5g018770
3210,Medtr5g018810
3211,Medtr5g018900
3212,Medtr5g019300
3213,Medtr5g019480
3214,Medtr5g019490
3215,Medtr5g019500
3216,Medtr5g019590
3217,Medtr5g019620
3218,Medtr5g019720
3219,Medtr5g019910
3220,Medtr5g019990
3221,Medtr5g020140
3222,Medtr5g020160
3223,Medtr5g020170
3224,Medtr5g020270
3225,Medtr5g020570
3226,Medtr5g020820
3227,Medtr5g020960
3228,Medtr5g021180
3229,Medtr5g021260
3230,Medtr5g021290
3231,Medtr5g021410
3232,Medtr5g021690
3233,Medtr5g021730
3234,Medtr5g021810
3235,Medtr5g021880
3236,Medtr5g022400
3237,Medtr5g022440
3238,Medtr5g022580
3239,Medtr5g022600
3240,Medtr5g022610
3241,Medtr5g022640
3242,Medtr5g022690
3243,Medtr5g022720
3244,Medtr5g022730
3245,Medtr5g022760
3246,Medtr5g022940
3247,Medtr5g022960
3248,Medtr5g022970
3249,Medtr5g022990
3250,Medtr5g023050
3251,Medtr5g023120
3252,Medtr5g023150
3253,Medtr5g023320
3254,Medtr5g023340
3255,Medtr5g023350
3256,Medtr5g023390
3257,Medtr5g023470
3258,Medtr5g023520
3259,Medtr5g023530
3260,Medtr5g023550
3261,Medtr5g023580
3262,Medtr5g023600
3263,Medtr5g023610
3264,Medtr5g023770
3265,Medtr5g023830
3266,Medtr5g024060
3267,Medtr5g024070
3268,Medtr5g024150
3269,Medtr5g024770
3270,Medtr5g024780
3271,Medtr5g024880
3272,Medtr5g025150
3273,Medtr5g025190
3274,Medtr5g025290
3275,Medtr5g025340
3276,Medtr5g025480
3277,Medtr5g025590
3278,Medtr5g025610
3279,Medtr5g025880
3280,Medtr5g026320
3281,Medtr5g026390
3282,Medtr5g026590
3283,Medtr5g026700
3284,Medtr5g026800
3285,Medtr5g027110
3286,Medtr5g027940
3287,Medtr5g028030
3288,Medtr5g028190
3289,Medtr5g028360
3290,Medtr5g028830
3291,Medtr5g028850
3292,Medtr5g029620
3293,Medtr5g029640
3294,Medtr5g029860
3295,Medtr5g029890
3296,Medtr5g029900
3297,Medtr5g029935
3298,Medtr5g030310
3299,Medtr5g030480
3300,Medtr5g030570
3301,Medtr5g030860
3302,Medtr5g030900
3303,Medtr5g030935
3304,Medtr5g030990
3305,Medtr5g031270
3306,Medtr5g031480
3307,Medtr5g031750
3308,Medtr5g032420
3309,Medtr5g032530
3310,Medtr5g032670
3311,Medtr5g033170
3312,Medtr5g033230
3313,Medtr5g033320
3314,Medtr5g033500
3315,Medtr5g033650
3316,Medtr5g033800
3317,Medtr5g033920
3318,Medtr5g034140
3319,Medtr5g034180
3320,Medtr5g034200
3321,Medtr5g034210
3322,Medtr5g034435
3323,Medtr5g034590
3324,Medtr5g034660
3325,Medtr5g035010
3326,Medtr5g035060
3327,Medtr5g035430
3328,Medtr5g035770
3329,Medtr5g036470
3330,Medtr5g036480
3331,Medtr5g036560
3332,Medtr5g037070
3333,Medtr5g037080
3334,Medtr5g037230
3335,Medtr5g037270
3336,Medtr5g037335
3337,Medtr5g037680
3338,Medtr5g037710
3339,Medtr5g037930
3340,Medtr5g038110
3341,Medtr5g038225
3342,Medtr5g038490
3343,Medtr5g038520
3344,Medtr5g038560
3345,Medtr5g038855
3346,Medtr5g038900
3347,Medtr5g039050
3348,Medtr5g039210
3349,Medtr5g039570
3350,Medtr5g039695
3351,Medtr5g040030
3352,Medtr5g040090
3353,Medtr5g040170
3354,Medtr5g040340
3355,Medtr5g040460
3356,Medtr5g040650
3357,Medtr5g040850
3358,Medtr5g040960
3359,Medtr5g041010
3360,Medtr5g041340
3361,Medtr5g041380
3362,Medtr5g041790
3363,Medtr5g042150
3364,Medtr5g042160
3365,Medtr5g042400
3366,Medtr5g042620
3367,Medtr5g042980
3368,Medtr5g043020
3369,Medtr5g043210
3370,Medtr5g043270
3371,Medtr5g043430
3372,Medtr5g043620
3373,Medtr5g043640
3374,Medtr5g043645
3375,Medtr5g043680
3376,Medtr5g044100
3377,Medtr5g044910
3378,Medtr5g045310
3379,Medtr5g045490
3380,Medtr5g046560
3381,Medtr5g046670
3382,Medtr5g046870
3383,Medtr5g047060
3384,Medtr5g047070
3385,Medtr5g048060
3386,Medtr5g048180
3387,Medtr5g048350
3388,Medtr5g048560
3389,Medtr5g049790
3390,Medtr5g054690
3391,Medtr5g054950
3392,Medtr5g055130
3393,Medtr5g055190
3394,Medtr5g055410
3395,Medtr5g055560
3396,Medtr5g055880
3397,Medtr5g056140
3398,Medtr5g056480
3399,Medtr5g057335
3400,Medtr5g058000
3401,Medtr5g059100
3402,Medtr5g059210
3403,Medtr5g060450
3404,Medtr5g060880
3405,Medtr5g061620
3406,Medtr5g061740
3407,Medtr5g061840
3408,Medtr5g061880
3409,Medtr5g061930
3410,Medtr5g062720
3411,Medtr5g062750
3412,Medtr5g063020
3413,Medtr5g063620
3414,Medtr5g064030
3415,Medtr5g064580
3416,Medtr5g064750
3417,Medtr5g064980
3418,Medtr5g065040
3419,Medtr5g065490
3420,Medtr5g066050
3421,Medtr5g066100
3422,Medtr5g066180
3423,Medtr5g066490
3424,Medtr5g067060
3425,Medtr5g067160
3426,Medtr5g067170
3427,Medtr5g067470
3428,Medtr5g068210
3429,Medtr5g068440
3430,Medtr5g068540
3431,Medtr5g068580
3432,Medtr5g068710
3433,Medtr5g068770
3434,Medtr5g069070
3435,Medtr5g069180
3436,Medtr5g069215
3437,Medtr5g069310
3438,Medtr5g069320
3439,Medtr5g069410
3440,Medtr5g069590
3441,Medtr5g069680
3442,Medtr5g069710
3443,Medtr5g069800
3444,Medtr5g070080
3445,Medtr5g070082
3446,Medtr5g070100
3447,Medtr5g070350
3448,Medtr5g070400
3449,Medtr5g070690
3450,Medtr5g070700
3451,Medtr5g070850
3452,Medtr5g070950
3453,Medtr5g071010
3454,Medtr5g071240
3455,Medtr5g071250
3456,Medtr5g071570
3457,Medtr5g071670
3458,Medtr5g071680
3459,Medtr5g071900
3460,Medtr5g072570
3461,Medtr5g072820
3462,Medtr5g072840
3463,Medtr5g072860
3464,Medtr5g073930
3465,Medtr5g074190
3466,Medtr5g074510
3467,Medtr5g074550
3468,Medtr5g074680
3469,Medtr5g074850
3470,Medtr5g075160
3471,Medtr5g075260
3472,Medtr5g075320
3473,Medtr5g075330
3474,Medtr5g075360
3475,Medtr5g075380
3476,Medtr5g075530
3477,Medtr5g075580
3478,Medtr5g075640
3479,Medtr5g075820
3480,Medtr5g075970
3481,Medtr5g076060
3482,Medtr5g076470
3483,Medtr5g076480
3484,Medtr5g076920
3485,Medtr5g076950
3486,Medtr5g077035
3487,Medtr5g077040
3488,Medtr5g077430
3489,Medtr5g077740
3490,Medtr5g078030
3491,Medtr5g078140
3492,Medtr5g078290
3493,Medtr5g078300
3494,Medtr5g078330
3495,Medtr5g078550
3496,Medtr5g078700
3497,Medtr5g078860
3498,Medtr5g078950
3499,Medtr5g079680
3500,Medtr5g079730
3501,Medtr5g079920
3502,Medtr5g080260
3503,Medtr5g080300
3504,Medtr5g080720
3505,Medtr5g080770
3506,Medtr5g081070
3507,Medtr5g081100
3508,Medtr5g081160
3509,Medtr5g081260
3510,Medtr5g081290
3511,Medtr5g081550
3512,Medtr5g081730
3513,Medtr5g081760
3514,Medtr5g081880
3515,Medtr5g081900
3516,Medtr5g081960
3517,Medtr5g081990
3518,Medtr5g082120
3519,Medtr5g082370
3520,Medtr5g082470
3521,Medtr5g082660
3522,Medtr5g082850
3523,Medtr5g083040
3524,Medtr5g083110
3525,Medtr5g083120
3526,Medtr5g083160
3527,Medtr5g083300
3528,Medtr5g083730
3529,Medtr5g083760
3530,Medtr5g083770
3531,Medtr5g084030
3532,Medtr5g084060
3533,Medtr5g084680
3534,Medtr5g084750
3535,Medtr5g084823
3536,Medtr5g084830
3537,Medtr5g085010
3538,Medtr5g085170
3539,Medtr5g085370
3540,Medtr5g085380
3541,Medtr5g085560
3542,Medtr5g085730
3543,Medtr5g085780
3544,Medtr5g085810
3545,Medtr5g086010
3546,Medtr5g086020
3547,Medtr5g086140
3548,Medtr5g086320
3549,Medtr5g086540
3550,Medtr5g086610
3551,Medtr5g086630
3552,Medtr5g086660
3553,Medtr5g087550
3554,Medtr5g087680
3555,Medtr5g087730
3556,Medtr5g087910
3557,Medtr5g088250
3558,Medtr5g088470
3559,Medtr5g088570
3560,Medtr5g088720
3561,Medtr5g088850
3562,Medtr5g088900
3563,Medtr5g089030
3564,Medtr5g089110
3565,Medtr5g089370
3566,Medtr5g089490
3567,Medtr5g089510
3568,Medtr5g089580
3569,Medtr5g089690
3570,Medtr5g089970
3571,Medtr5g090100
3572,Medtr5g090170
3573,Medtr5g090175
3574,Medtr5g090290
3575,Medtr5g090340
3576,Medtr5g090420
3577,Medtr5g090520
3578,Medtr5g090770
3579,Medtr5g090920
3580,Medtr5g091050
3581,Medtr5g091690
3582,Medtr5g092085
3583,Medtr5g092130
3584,Medtr5g092510
3585,Medtr5g092610
3586,Medtr5g092620
3587,Medtr5g092700
3588,Medtr5g092870
3589,Medtr5g092970
3590,Medtr5g093090
3591,Medtr5g093300
3592,Medtr5g093600
3593,Medtr5g093830
3594,Medtr5g093840
3595,Medtr5g093920
3596,Medtr5g094005
3597,Medtr5g094140
3598,Medtr5g094400
3599,Medtr5g094520
3600,Medtr5g094540
3601,Medtr5g094610
3602,Medtr5g094780
3603,Medtr5g094850
3604,Medtr5g095010
3605,Medtr5g095650
3606,Medtr5g095955
3607,Medtr5g095960
3608,Medtr5g095980
3609,Medtr5g096000
3610,Medtr5g096420
3611,Medtr5g096500
3612,Medtr5g096530
3613,Medtr5g096760
3614,Medtr5g096820
3615,Medtr5g096950
3616,Medtr5g097170
3617,Medtr5g097220
3618,Medtr5g097410
3619,Medtr5g097620
3620,Medtr5g098020
3621,Medtr5g098060
3622,Medtr5g098250
3623,Medtr5g098310
3624,Medtr5g098420
3625,Medtr5g098480
3626,Medtr5g098940
3627,Medtr5g098970
3628,Medtr5g098980
3629,Medtr5g099040
3630,Medtr5g099240
3631,Medtr5g099250
3632,Medtr5g430520
3633,Medtr5g430710
3634,Medtr5g430730
3635,Medtr5g459020
3636,Medtr5g459290
3637,Medtr5g470720
3638,Medtr6g003930
3639,Medtr6g004070
3640,Medtr6g004100
3641,Medtr6g004220
3642,Medtr6g004250
3643,Medtr6g004430
3644,Medtr6g004630
3645,Medtr6g004940
3646,Medtr6g005030
3647,Medtr6g005040
3648,Medtr6g005250
3649,Medtr6g005820
3650,Medtr6g005960
3651,Medtr6g006770
3652,Medtr6g006930
3653,Medtr6g007070
3654,Medtr6g007090
3655,Medtr6g007110
3656,Medtr6g007613
3657,Medtr6g007647
3658,Medtr6g007737
3659,Medtr6g007767
3660,Medtr6g007770
3661,Medtr6g007807
3662,Medtr6g008170
3663,Medtr6g008995
3664,Medtr6g009170
3665,Medtr6g009410
3666,Medtr6g009500
3667,Medtr6g011310
3668,Medtr6g011320
3669,Medtr6g011550
3670,Medtr6g011610
3671,Medtr6g011670
3672,Medtr6g011700
3673,Medtr6g012220
3674,Medtr6g012380
3675,Medtr6g012630
3676,Medtr6g012635
3677,Medtr6g012760
3678,Medtr6g013230
3679,Medtr6g013680
3680,Medtr6g013720
3681,Medtr6g013990
3682,Medtr6g014160
3683,Medtr6g014190
3684,Medtr6g014195
3685,Medtr6g014270
3686,Medtr6g014720
3687,Medtr6g015150
3688,Medtr6g015280
3689,Medtr6g015315
3690,Medtr6g015390
3691,Medtr6g015455
3692,Medtr6g015630
3693,Medtr6g015880
3694,Medtr6g015890
3695,Medtr6g015900
3696,Medtr6g015965
3697,Medtr6g015975
3698,Medtr6g016160
3699,Medtr6g016430
3700,Medtr6g016635
3701,Medtr6g016640
3702,Medtr6g016650
3703,Medtr6g016875
3704,Medtr6g016880
3705,Medtr6g017185
3706,Medtr6g017215
3707,Medtr6g017240
3708,Medtr6g018560
3709,Medtr6g018790
3710,Medtr6g018800
3711,Medtr6g018930
3712,Medtr6g021940
3713,Medtr6g022040
3714,Medtr6g022580
3715,Medtr6g022610
3716,Medtr6g022720
3717,Medtr6g022830
3718,Medtr6g022860
3719,Medtr6g023080
3720,Medtr6g023380
3721,Medtr6g023910
3722,Medtr6g023950
3723,Medtr6g024135
3724,Medtr6g025320
3725,Medtr6g025730
3726,Medtr6g025740
3727,Medtr6g025750
3728,Medtr6g026800
3729,Medtr6g026810
3730,Medtr6g026850
3731,Medtr6g026870
3732,Medtr6g027600
3733,Medtr6g027630
3734,Medtr6g027720
3735,Medtr6g027800
3736,Medtr6g028050
3737,Medtr6g028070
3738,Medtr6g028140
3739,Medtr6g029190
3740,Medtr6g029230
3741,Medtr6g029240
3742,Medtr6g029260
3743,Medtr6g029330
3744,Medtr6g029390
3745,Medtr6g029520
3746,Medtr6g032995
3747,Medtr6g033010
3748,Medtr6g033025
3749,Medtr6g033055
3750,Medtr6g033085
3751,Medtr6g033275
3752,Medtr6g033455
3753,Medtr6g033465
3754,Medtr6g033540
3755,Medtr6g033605
3756,Medtr6g033740
3757,Medtr6g034030
3758,Medtr6g034150
3759,Medtr6g034270
3760,Medtr6g034310
3761,Medtr6g034375
3762,Medtr6g034620
3763,Medtr6g034660
3764,Medtr6g034680
3765,Medtr6g034705
3766,Medtr6g034755
3767,Medtr6g035010
3768,Medtr6g035310
3769,Medtr6g036577
3770,Medtr6g037540
3771,Medtr6g037550
3772,Medtr6g037560
3773,Medtr6g038230
3774,Medtr6g038540
3775,Medtr6g038670
3776,Medtr6g039440
3777,Medtr6g039830
3778,Medtr6g043350
3779,Medtr6g043460
3780,Medtr6g043740
3781,Medtr6g044780
3782,Medtr6g044810
3783,Medtr6g045010
3784,Medtr6g045203
3785,Medtr6g045273
3786,Medtr6g045493
3787,Medtr6g045910
3788,Medtr6g046630
3789,Medtr6g046960
3790,Medtr6g047550
3791,Medtr6g047570
3792,Medtr6g048060
3793,Medtr6g048860
3794,Medtr6g051960
3795,Medtr6g052360
3796,Medtr6g052455
3797,Medtr6g052980
3798,Medtr6g053550
3799,Medtr6g054960
3800,Medtr6g059680
3801,Medtr6g059730
3802,Medtr6g059755
3803,Medtr6g059760
3804,Medtr6g059810
3805,Medtr6g059920
3806,Medtr6g060130
3807,Medtr6g060380
3808,Medtr6g060550
3809,Medtr6g060660
3810,Medtr6g060670
3811,Medtr6g060673
3812,Medtr6g061840
3813,Medtr6g061850
3814,Medtr6g061910
3815,Medtr6g064950
3816,Medtr6g065040
3817,Medtr6g065190
3818,Medtr6g065430
3819,Medtr6g065460
3820,Medtr6g066190
3821,Medtr6g066300
3822,Medtr6g068860
3823,Medtr6g068920
3824,Medtr6g068940
3825,Medtr6g068990
3826,Medtr6g069050
3827,Medtr6g069470
3828,Medtr6g069510
3829,Medtr6g069620
3830,Medtr6g069630
3831,Medtr6g069660
3832,Medtr6g069685
3833,Medtr6g071190
3834,Medtr6g071210
3835,Medtr6g071320
3836,Medtr6g071520
3837,Medtr6g074030
3838,Medtr6g074775
3839,Medtr6g075780
3840,Medtr6g075850
3841,Medtr6g075950
3842,Medtr6g076210
3843,Medtr6g077540
3844,Medtr6g078450
3845,Medtr6g078480
3846,Medtr6g078850
3847,Medtr6g078940
3848,Medtr6g079095
3849,Medtr6g079190
3850,Medtr6g079610
3851,Medtr6g079650
3852,Medtr6g079660
3853,Medtr6g079920
3854,Medtr6g079960
3855,Medtr6g079990
3856,Medtr6g080210
3857,Medtr6g080600
3858,Medtr6g080660
3859,Medtr6g080680
3860,Medtr6g080710
3861,Medtr6g081270
3862,Medtr6g081930
3863,Medtr6g082700
3864,Medtr6g082960
3865,Medtr6g083230
3866,Medtr6g083300
3867,Medtr6g084450
3868,Medtr6g084560
3869,Medtr6g084750
3870,Medtr6g084770
3871,Medtr6g084920
3872,Medtr6g086280
3873,Medtr6g086510
3874,Medtr6g086560
3875,Medtr6g086870
3876,Medtr6g087070
3877,Medtr6g087140
3878,Medtr6g087520
3879,Medtr6g087670
3880,Medtr6g088190
3881,Medtr6g088245
3882,Medtr6g088280
3883,Medtr6g088425
3884,Medtr6g088605
3885,Medtr6g088795
3886,Medtr6g088865
3887,Medtr6g089570
3888,Medtr6g090060
3889,Medtr6g090070
3890,Medtr6g090515
3891,Medtr6g090535
3892,Medtr6g091720
3893,Medtr6g091930
3894,Medtr6g092190
3895,Medtr6g092430
3896,Medtr6g092790
3897,Medtr6g092840
3898,Medtr6g092940
3899,Medtr6g093010
3900,Medtr6g093020
3901,Medtr6g093050
3902,Medtr6g452820
3903,Medtr6g453050
3904,Medtr6g464120
3905,Medtr6g465210
3906,Medtr6g465410
3907,Medtr6g465430
3908,Medtr6g465450
3909,Medtr6g477750
3910,Medtr6g477980
3911,Medtr6g478170
3912,Medtr6g478230
3913,Medtr6g488050
3914,Medtr6g488090
3915,Medtr6g488100
3916,Medtr7g005530
3917,Medtr7g006280
3918,Medtr7g006330
3919,Medtr7g006340
3920,Medtr7g006760
3921,Medtr7g006870
3922,Medtr7g006920
3923,Medtr7g007310
3924,Medtr7g007400
3925,Medtr7g007430
3926,Medtr7g007590
3927,Medtr7g007770
3928,Medtr7g007780
3929,Medtr7g007850
3930,Medtr7g007880
3931,Medtr7g008030
3932,Medtr7g009070
3933,Medtr7g010100
3934,Medtr7g010555
3935,Medtr7g010580
3936,Medtr7g011470
3937,Medtr7g011663
3938,Medtr7g012030
3939,Medtr7g012790
3940,Medtr7g012990
3941,Medtr7g013160
3942,Medtr7g013170
3943,Medtr7g013180
3944,Medtr7g013220
3945,Medtr7g013850
3946,Medtr7g014540
3947,Medtr7g014940
3948,Medtr7g015120
3949,Medtr7g015190
3950,Medtr7g015420
3951,Medtr7g015710
3952,Medtr7g016090
3953,Medtr7g017280
3954,Medtr7g017790
3955,Medtr7g017820
3956,Medtr7g018170
3957,Medtr7g018290
3958,Medtr7g018630
3959,Medtr7g019120
3960,Medtr7g020850
3961,Medtr7g021000
3962,Medtr7g021190
3963,Medtr7g021260
3964,Medtr7g021300
3965,Medtr7g021620
3966,Medtr7g021640
3967,Medtr7g021660
3968,Medtr7g021860
3969,Medtr7g022270
3970,Medtr7g022310
3971,Medtr7g022480
3972,Medtr7g022770
3973,Medtr7g022790
3974,Medtr7g023070
3975,Medtr7g023590
3976,Medtr7g024140
3977,Medtr7g024150
3978,Medtr7g024290
3979,Medtr7g024350
3980,Medtr7g024460
3981,Medtr7g024480
3982,Medtr7g024540
3983,Medtr7g024570
3984,Medtr7g026260
3985,Medtr7g026320
3986,Medtr7g026915
3987,Medtr7g026990
3988,Medtr7g027300
3989,Medtr7g028623
3990,Medtr7g028755
3991,Medtr7g028870
3992,Medtr7g028940
3993,Medtr7g029015
3994,Medtr7g029095
3995,Medtr7g029105
3996,Medtr7g029130
3997,Medtr7g029255
3998,Medtr7g029520
3999,Medtr7g029540
4000,Medtr7g029630
4001,Medtr7g030020
4002,Medtr7g031370
4003,Medtr7g031847
4004,Medtr7g031890
4005,Medtr7g031900
4006,Medtr7g033150
4007,Medtr7g033490
4008,Medtr7g033640
4009,Medtr7g033650
4010,Medtr7g033680
4011,Medtr7g033685
4012,Medtr7g034100
4013,Medtr7g034355
4014,Medtr7g034395
4015,Medtr7g034465
4016,Medtr7g034590
4017,Medtr7g035155
4018,Medtr7g037020
4019,Medtr7g037280
4020,Medtr7g037560
4021,Medtr7g039440
4022,Medtr7g039690
4023,Medtr7g045307
4024,Medtr7g045502
4025,Medtr7g045710
4026,Medtr7g046260
4027,Medtr7g050445
4028,Medtr7g050720
4029,Medtr7g050860
4030,Medtr7g050870
4031,Medtr7g051210
4032,Medtr7g051440
4033,Medtr7g051450
4034,Medtr7g051610
4035,Medtr7g052120
4036,Medtr7g052240
4037,Medtr7g053107
4038,Medtr7g053410
4039,Medtr7g055873
4040,Medtr7g056147
4041,Medtr7g056330
4042,Medtr7g056410
4043,Medtr7g056453
4044,Medtr7g056503
4045,Medtr7g056510
4046,Medtr7g056520
4047,Medtr7g056587
4048,Medtr7g056803
4049,Medtr7g056813
4050,Medtr7g057330
4051,Medtr7g057340
4052,Medtr7g057760
4053,Medtr7g057840
4054,Medtr7g057920
4055,Medtr7g058440
4056,Medtr7g059033
4057,Medtr7g059037
4058,Medtr7g059080
4059,Medtr7g059150
4060,Medtr7g059230
4061,Medtr7g059255
4062,Medtr7g059410
4063,Medtr7g060030
4064,Medtr7g060320
4065,Medtr7g060460
4066,Medtr7g060520
4067,Medtr7g060550
4068,Medtr7g060680
4069,Medtr7g060720
4070,Medtr7g060730
4071,Medtr7g060740
4072,Medtr7g060890
4073,Medtr7g061780
4074,Medtr7g062220
4075,Medtr7g062310
4076,Medtr7g062610
4077,Medtr7g063290
4078,Medtr7g063580
4079,Medtr7g065100
4080,Medtr7g065120
4081,Medtr7g065680
4082,Medtr7g065700
4083,Medtr7g065740
4084,Medtr7g066000
4085,Medtr7g066690
4086,Medtr7g066710
4087,Medtr7g066730
4088,Medtr7g066990
4089,Medtr7g067050
4090,Medtr7g067080
4091,Medtr7g067460
4092,Medtr7g067500
4093,Medtr7g068440
4094,Medtr7g068470
4095,Medtr7g068500
4096,Medtr7g068810
4097,Medtr7g068850
4098,Medtr7g068860
4099,Medtr7g069540
4100,Medtr7g069580
4101,Medtr7g069660
4102,Medtr7g069710
4103,Medtr7g069930
4104,Medtr7g070000
4105,Medtr7g070200
4106,Medtr7g070250
4107,Medtr7g070510
4108,Medtr7g070910
4109,Medtr7g070930
4110,Medtr7g071680
4111,Medtr7g071760
4112,Medtr7g071780
4113,Medtr7g071790
4114,Medtr7g072000
4115,Medtr7g072330
4116,Medtr7g072410
4117,Medtr7g072420
4118,Medtr7g072580
4119,Medtr7g073290
4120,Medtr7g073660
4121,Medtr7g073680
4122,Medtr7g074080
4123,Medtr7g074090
4124,Medtr7g074450
4125,Medtr7g074480
4126,Medtr7g074820
4127,Medtr7g075170
4128,Medtr7g075185
4129,Medtr7g075520
4130,Medtr7g075820
4131,Medtr7g076010
4132,Medtr7g076250
4133,Medtr7g076350
4134,Medtr7g076690
4135,Medtr7g076790
4136,Medtr7g076920
4137,Medtr7g077260
4138,Medtr7g077330
4139,Medtr7g077410
4140,Medtr7g077420
4141,Medtr7g077430
4142,Medtr7g077600
4143,Medtr7g077690
4144,Medtr7g078070
4145,Medtr7g078705
4146,Medtr7g078730
4147,Medtr7g078780
4148,Medtr7g078800
4149,Medtr7g078900
4150,Medtr7g078910
4151,Medtr7g079140
4152,Medtr7g079200
4153,Medtr7g079310
4154,Medtr7g079440
4155,Medtr7g079520
4156,Medtr7g079680
4157,Medtr7g079870
4158,Medtr7g080000
4159,Medtr7g080040
4160,Medtr7g080110
4161,Medtr7g080165
4162,Medtr7g080170
4163,Medtr7g080180
4164,Medtr7g080410
4165,Medtr7g080750
4166,Medtr7g080760
4167,Medtr7g081210
4168,Medtr7g081220
4169,Medtr7g081230
4170,Medtr7g081370
4171,Medtr7g081380
4172,Medtr7g081420
4173,Medtr7g081480
4174,Medtr7g081700
4175,Medtr7g081805
4176,Medtr7g082130
4177,Medtr7g082160
4178,Medtr7g082380
4179,Medtr7g082540
4180,Medtr7g082560
4181,Medtr7g082650
4182,Medtr7g082970
4183,Medtr7g083240
4184,Medtr7g083410
4185,Medtr7g083480
4186,Medtr7g083540
4187,Medtr7g083590
4188,Medtr7g083610
4189,Medtr7g083720
4190,Medtr7g083810
4191,Medtr7g083870
4192,Medtr7g083950
4193,Medtr7g084020
4194,Medtr7g084170
4195,Medtr7g084200
4196,Medtr7g084400
4197,Medtr7g084740
4198,Medtr7g084750
4199,Medtr7g084760
4200,Medtr7g084770
4201,Medtr7g084790
4202,Medtr7g084830
4203,Medtr7g084855
4204,Medtr7g084890
4205,Medtr7g084990
4206,Medtr7g085050
4207,Medtr7g085055
4208,Medtr7g085070
4209,Medtr7g085180
4210,Medtr7g085200
4211,Medtr7g085240
4212,Medtr7g085450
4213,Medtr7g085500
4214,Medtr7g085560
4215,Medtr7g085570
4216,Medtr7g085630
4217,Medtr7g085650
4218,Medtr7g085680
4219,Medtr7g085770
4220,Medtr7g085780
4221,Medtr7g085870
4222,Medtr7g086030
4223,Medtr7g086080
4224,Medtr7g086580
4225,Medtr7g086690
4226,Medtr7g086770
4227,Medtr7g087370
4228,Medtr7g087450
4229,Medtr7g087540
4230,Medtr7g088110
4231,Medtr7g088370
4232,Medtr7g088520
4233,Medtr7g088550
4234,Medtr7g088650
4235,Medtr7g088660
4236,Medtr7g088720
4237,Medtr7g088740
4238,Medtr7g088790
4239,Medtr7g088850
4240,Medtr7g088930
4241,Medtr7g088990
4242,Medtr7g089010
4243,Medtr7g089090
4244,Medtr7g089290
4245,Medtr7g089440
4246,Medtr7g089465
4247,Medtr7g089550
4248,Medtr7g089910
4249,Medtr7g090100
4250,Medtr7g090120
4251,Medtr7g090140
4252,Medtr7g090210
4253,Medtr7g090260
4254,Medtr7g090270
4255,Medtr7g090330
4256,Medtr7g090420
4257,Medtr7g090470
4258,Medtr7g090510
4259,Medtr7g090820
4260,Medtr7g091200
4261,Medtr7g091260
4262,Medtr7g091390
4263,Medtr7g091410
4264,Medtr7g091430
4265,Medtr7g091450
4266,Medtr7g091460
4267,Medtr7g091540
4268,Medtr7g091550
4269,Medtr7g091570
4270,Medtr7g091660
4271,Medtr7g092130
4272,Medtr7g092240
4273,Medtr7g092350
4274,Medtr7g092360
4275,Medtr7g092460
4276,Medtr7g092530
4277,Medtr7g092600
4278,Medtr7g092680
4279,Medtr7g092730
4280,Medtr7g092875
4281,Medtr7g092970
4282,Medtr7g093260
4283,Medtr7g093290
4284,Medtr7g093350
4285,Medtr7g093390
4286,Medtr7g093735
4287,Medtr7g094160
4288,Medtr7g094450
4289,Medtr7g094550
4290,Medtr7g094560
4291,Medtr7g094650
4292,Medtr7g094680
4293,Medtr7g094830
4294,Medtr7g094880
4295,Medtr7g095030
4296,Medtr7g095090
4297,Medtr7g095150
4298,Medtr7g095200
4299,Medtr7g095220
4300,Medtr7g095260
4301,Medtr7g095410
4302,Medtr7g095500
4303,Medtr7g095890
4304,Medtr7g096040
4305,Medtr7g096080
4306,Medtr7g096090
4307,Medtr7g096100
4308,Medtr7g096140
4309,Medtr7g096160
4310,Medtr7g096220
4311,Medtr7g096570
4312,Medtr7g096580
4313,Medtr7g096600
4314,Medtr7g096720
4315,Medtr7g097000
4316,Medtr7g097020
4317,Medtr7g097160
4318,Medtr7g097220
4319,Medtr7g097230
4320,Medtr7g097240
4321,Medtr7g098040
4322,Medtr7g098090
4323,Medtr7g098430
4324,Medtr7g098550
4325,Medtr7g098630
4326,Medtr7g098650
4327,Medtr7g098690
4328,Medtr7g098740
4329,Medtr7g098900
4330,Medtr7g099040
4331,Medtr7g099230
4332,Medtr7g099260
4333,Medtr7g099265
4334,Medtr7g099290
4335,Medtr7g099330
4336,Medtr7g099375
4337,Medtr7g099710
4338,Medtr7g099720
4339,Medtr7g099890
4340,Medtr7g100010
4341,Medtr7g100020
4342,Medtr7g100240
4343,Medtr7g100328
4344,Medtr7g100390
4345,Medtr7g100500
4346,Medtr7g100540
4347,Medtr7g100550
4348,Medtr7g100650
4349,Medtr7g100730
4350,Medtr7g100780
4351,Medtr7g100790
4352,Medtr7g100870
4353,Medtr7g100980
4354,Medtr7g101150
4355,Medtr7g101190
4356,Medtr7g101930
4357,Medtr7g102130
4358,Medtr7g102310
4359,Medtr7g102410
4360,Medtr7g102520
4361,Medtr7g102570
4362,Medtr7g102580
4363,Medtr7g102720
4364,Medtr7g102780
4365,Medtr7g102790
4366,Medtr7g102810
4367,Medtr7g102850
4368,Medtr7g102860
4369,Medtr7g102960
4370,Medtr7g102990
4371,Medtr7g103030
4372,Medtr7g103040
4373,Medtr7g103050
4374,Medtr7g103070
4375,Medtr7g103210
4376,Medtr7g103370
4377,Medtr7g103930
4378,Medtr7g104110
4379,Medtr7g104170
4380,Medtr7g104210
4381,Medtr7g104220
4382,Medtr7g104270
4383,Medtr7g104280
4384,Medtr7g104430
4385,Medtr7g104550
4386,Medtr7g104580
4387,Medtr7g104630
4388,Medtr7g104640
4389,Medtr7g104710
4390,Medtr7g104785
4391,Medtr7g104870
4392,Medtr7g104900
4393,Medtr7g104905
4394,Medtr7g105180
4395,Medtr7g105200
4396,Medtr7g105210
4397,Medtr7g105340
4398,Medtr7g105390
4399,Medtr7g105450
4400,Medtr7g105640
4401,Medtr7g105780
4402,Medtr7g105820
4403,Medtr7g106080
4404,Medtr7g106100
4405,Medtr7g106570
4406,Medtr7g106580
4407,Medtr7g106600
4408,Medtr7g106620
4409,Medtr7g106680
4410,Medtr7g106750
4411,Medtr7g106760
4412,Medtr7g106930
4413,Medtr7g107060
4414,Medtr7g107080
4415,Medtr7g107090
4416,Medtr7g107210
4417,Medtr7g107330
4418,Medtr7g107390
4419,Medtr7g107570
4420,Medtr7g108130
4421,Medtr7g108180
4422,Medtr7g108240
4423,Medtr7g108300
4424,Medtr7g108470
4425,Medtr7g108480
4426,Medtr7g108540
4427,Medtr7g108775
4428,Medtr7g108810
4429,Medtr7g108905
4430,Medtr7g108945
4431,Medtr7g109130
4432,Medtr7g109150
4433,Medtr7g109260
4434,Medtr7g109300
4435,Medtr7g109360
4436,Medtr7g109425
4437,Medtr7g109670
4438,Medtr7g109810
4439,Medtr7g109970
4440,Medtr7g109980
4441,Medtr7g110000
4442,Medtr7g110310
4443,Medtr7g110390
4444,Medtr7g110570
4445,Medtr7g110790
4446,Medtr7g110810
4447,Medtr7g111030
4448,Medtr7g111160
4449,Medtr7g111170
4450,Medtr7g111180
4451,Medtr7g111280
4452,Medtr7g111290
4453,Medtr7g111460
4454,Medtr7g111520
4455,Medtr7g111540
4456,Medtr7g111570
4457,Medtr7g111610
4458,Medtr7g111640
4459,Medtr7g111690
4460,Medtr7g111870
4461,Medtr7g111960
4462,Medtr7g112040
4463,Medtr7g112090
4464,Medtr7g112100
4465,Medtr7g112110
4466,Medtr7g112120
4467,Medtr7g112140
4468,Medtr7g112650
4469,Medtr7g112710
4470,Medtr7g112720
4471,Medtr7g113030
4472,Medtr7g113050
4473,Medtr7g113270
4474,Medtr7g113330
4475,Medtr7g113570
4476,Medtr7g113660
4477,Medtr7g113830
4478,Medtr7g113850
4479,Medtr7g114020
4480,Medtr7g114060
4481,Medtr7g114080
4482,Medtr7g114210
4483,Medtr7g114240
4484,Medtr7g114365
4485,Medtr7g114570
4486,Medtr7g114680
4487,Medtr7g114700
4488,Medtr7g114710
4489,Medtr7g114810
4490,Medtr7g114960
4491,Medtr7g114990
4492,Medtr7g115290
4493,Medtr7g115460
4494,Medtr7g115530
4495,Medtr7g115580
4496,Medtr7g115710
4497,Medtr7g116130
4498,Medtr7g116270
4499,Medtr7g116300
4500,Medtr7g116330
4501,Medtr7g116360
4502,Medtr7g116380
4503,Medtr7g116630
4504,Medtr7g116660
4505,Medtr7g116870
4506,Medtr7g117220
4507,Medtr7g117340
4508,Medtr7g117445
4509,Medtr7g117490
4510,Medtr7g117495
4511,Medtr7g117500
4512,Medtr7g117520
4513,Medtr7g117750
4514,Medtr7g118050
4515,Medtr7g118210
4516,Medtr7g118220
4517,Medtr7g118320
4518,Medtr7g405780
4519,Medtr7g405790
4520,Medtr7g405850
4521,Medtr7g406830
4522,Medtr7g406970
4523,Medtr7g444860
4524,Medtr7g445520
4525,Medtr7g446310
4526,Medtr7g451470
4527,Medtr7g490300
4528,Medtr7g490310
4529,Medtr7g498320
4530,Medtr7g498330
4531,Medtr8g005040
4532,Medtr8g005070
4533,Medtr8g005155
4534,Medtr8g005165
4535,Medtr8g005265
4536,Medtr8g005360
4537,Medtr8g005420
4538,Medtr8g006290
4539,Medtr8g006495
4540,Medtr8g006735
4541,Medtr8g006740
4542,Medtr8g006745
4543,Medtr8g006825
4544,Medtr8g006895
4545,Medtr8g006955
4546,Medtr8g006970
4547,Medtr8g007020
4548,Medtr8g007065
4549,Medtr8g007075
4550,Medtr8g007305
4551,Medtr8g007365
4552,Medtr8g007375
4553,Medtr8g007380
4554,Medtr8g007670
4555,Medtr8g008500
4556,Medtr8g008730
4557,Medtr8g008790
4558,Medtr8g008860
4559,Medtr8g009020
4560,Medtr8g009260
4561,Medtr8g009530
4562,Medtr8g009650
4563,Medtr8g009670
4564,Medtr8g009760
4565,Medtr8g009770
4566,Medtr8g009890
4567,Medtr8g009950
4568,Medtr8g009960
4569,Medtr8g009990
4570,Medtr8g010070
4571,Medtr8g010140
4572,Medtr8g010160
4573,Medtr8g010170
4574,Medtr8g010550
4575,Medtr8g010570
4576,Medtr8g010750
4577,Medtr8g011080
4578,Medtr8g011100
4579,Medtr8g011170
4580,Medtr8g011430
4581,Medtr8g012180
4582,Medtr8g012190
4583,Medtr8g012500
4584,Medtr8g012620
4585,Medtr8g012655
4586,Medtr8g012730
4587,Medtr8g012745
4588,Medtr8g012945
4589,Medtr8g012995
4590,Medtr8g013000
4591,Medtr8g013670
4592,Medtr8g013680
4593,Medtr8g013720
4594,Medtr8g013760
4595,Medtr8g013930
4596,Medtr8g013980
4597,Medtr8g014410
4598,Medtr8g014500
4599,Medtr8g014610
4600,Medtr8g014680
4601,Medtr8g014880
4602,Medtr8g015220
4603,Medtr8g015350
4604,Medtr8g015430
4605,Medtr8g015600
4606,Medtr8g015670
4607,Medtr8g015680
4608,Medtr8g015910
4609,Medtr8g015940
4610,Medtr8g016010
4611,Medtr8g016090
4612,Medtr8g016270
4613,Medtr8g016320
4614,Medtr8g016460
4615,Medtr8g016640
4616,Medtr8g016670
4617,Medtr8g016680
4618,Medtr8g017100
4619,Medtr8g017210
4620,Medtr8g018060
4621,Medtr8g018280
4622,Medtr8g018410
4623,Medtr8g018510
4624,Medtr8g018570
4625,Medtr8g018590
4626,Medtr8g018810
4627,Medtr8g018930
4628,Medtr8g019520
4629,Medtr8g019570
4630,Medtr8g020310
4631,Medtr8g020400
4632,Medtr8g020630
4633,Medtr8g021025
4634,Medtr8g021120
4635,Medtr8g021190
4636,Medtr8g021225
4637,Medtr8g021320
4638,Medtr8g021380
4639,Medtr8g022020
4640,Medtr8g022280
4641,Medtr8g022440
4642,Medtr8g022740
4643,Medtr8g022870
4644,Medtr8g023000
4645,Medtr8g023310
4646,Medtr8g023440
4647,Medtr8g023490
4648,Medtr8g023510
4649,Medtr8g023550
4650,Medtr8g023560
4651,Medtr8g023610
4652,Medtr8g023620
4653,Medtr8g023760
4654,Medtr8g023780
4655,Medtr8g023820
4656,Medtr8g023840
4657,Medtr8g023960
4658,Medtr8g024240
4659,Medtr8g024320
4660,Medtr8g024340
4661,Medtr8g024520
4662,Medtr8g026770
4663,Medtr8g026850
4664,Medtr8g027040
4665,Medtr8g027200
4666,Medtr8g027285
4667,Medtr8g027385
4668,Medtr8g027495
4669,Medtr8g027760
4670,Medtr8g027790
4671,Medtr8g027820
4672,Medtr8g027890
4673,Medtr8g027900
4674,Medtr8g027915
4675,Medtr8g028010
4676,Medtr8g028015
4677,Medtr8g028045
4678,Medtr8g028070
4679,Medtr8g028100
4680,Medtr8g028120
4681,Medtr8g028165
4682,Medtr8g028180
4683,Medtr8g028190
4684,Medtr8g028220
4685,Medtr8g028395
4686,Medtr8g028410
4687,Medtr8g028415
4688,Medtr8g028430
4689,Medtr8g028445
4690,Medtr8g028615
4691,Medtr8g028630
4692,Medtr8g030733
4693,Medtr8g030737
4694,Medtr8g031030
4695,Medtr8g031100
4696,Medtr8g031210
4697,Medtr8g031380
4698,Medtr8g031460
4699,Medtr8g031470
4700,Medtr8g031580
4701,Medtr8g031850
4702,Medtr8g031900
4703,Medtr8g032140
4704,Medtr8g032230
4705,Medtr8g032320
4706,Medtr8g032590
4707,Medtr8g033040
4708,Medtr8g033220
4709,Medtr8g033250
4710,Medtr8g033360
4711,Medtr8g033400
4712,Medtr8g033410
4713,Medtr8g033420
4714,Medtr8g035590
4715,Medtr8g035690
4716,Medtr8g035750
4717,Medtr8g035810
4718,Medtr8g036015
4719,Medtr8g036040
4720,Medtr8g036060
4721,Medtr8g036105
4722,Medtr8g036130
4723,Medtr8g036165
4724,Medtr8g036205
4725,Medtr8g036220
4726,Medtr8g036890
4727,Medtr8g036920
4728,Medtr8g036980
4729,Medtr8g037310
4730,Medtr8g037720
4731,Medtr8g037810
4732,Medtr8g037880
4733,Medtr8g037910
4734,Medtr8g038120
4735,Medtr8g038220
4736,Medtr8g038620
4737,Medtr8g039110
4738,Medtr8g039160
4739,Medtr8g039340
4740,Medtr8g040120
4741,Medtr8g040150
4742,Medtr8g040190
4743,Medtr8g040490
4744,Medtr8g040520
4745,Medtr8g040610
4746,Medtr8g040640
4747,Medtr8g040730
4748,Medtr8g041570
4749,Medtr8g041580
4750,Medtr8g042460
4751,Medtr8g042750
4752,Medtr8g042830
4753,Medtr8g043480
4754,Medtr8g043760
4755,Medtr8g044140
4756,Medtr8g044260
4757,Medtr8g045480
4758,Medtr8g046180
4759,Medtr8g046290
4760,Medtr8g051540
4761,Medtr8g051620
4762,Medtr8g054100
4763,Medtr8g056020
4764,Medtr8g056030
4765,Medtr8g056100
4766,Medtr8g056710
4767,Medtr8g056790
4768,Medtr8g059015
4769,Medtr8g059550
4770,Medtr8g060820
4771,Medtr8g060940
4772,Medtr8g061090
4773,Medtr8g061350
4774,Medtr8g061360
4775,Medtr8g061880
4776,Medtr8g062080
4777,Medtr8g062110
4778,Medtr8g062145
4779,Medtr8g062240
4780,Medtr8g062310
4781,Medtr8g063080
4782,Medtr8g063120
4783,Medtr8g063430
4784,Medtr8g063460
4785,Medtr8g063550
4786,Medtr8g064180
4787,Medtr8g064500
4788,Medtr8g064560
4789,Medtr8g064690
4790,Medtr8g064700
4791,Medtr8g064820
4792,Medtr8g064940
4793,Medtr8g065050
4794,Medtr8g065740
4795,Medtr8g066010
4796,Medtr8g066030
4797,Medtr8g066097
4798,Medtr8g066100
4799,Medtr8g066158
4800,Medtr8g066220
4801,Medtr8g066330
4802,Medtr8g066340
4803,Medtr8g066440
4804,Medtr8g066460
4805,Medtr8g066770
4806,Medtr8g067465
4807,Medtr8g067470
4808,Medtr8g067530
4809,Medtr8g068160
4810,Medtr8g068360
4811,Medtr8g068400
4812,Medtr8g068730
4813,Medtr8g068855
4814,Medtr8g069330
4815,Medtr8g069350
4816,Medtr8g069505
4817,Medtr8g069525
4818,Medtr8g069535
4819,Medtr8g069560
4820,Medtr8g069640
4821,Medtr8g069800
4822,Medtr8g069805
4823,Medtr8g069825
4824,Medtr8g069865
4825,Medtr8g069955
4826,Medtr8g069965
4827,Medtr8g069975
4828,Medtr8g070630
4829,Medtr8g070640
4830,Medtr8g070830
4831,Medtr8g070880
4832,Medtr8g071000
4833,Medtr8g071230
4834,Medtr8g072000
4835,Medtr8g072130
4836,Medtr8g072310
4837,Medtr8g072440
4838,Medtr8g072560
4839,Medtr8g072790
4840,Medtr8g073110
4841,Medtr8g073190
4842,Medtr8g073210
4843,Medtr8g073250
4844,Medtr8g073340
4845,Medtr8g073345
4846,Medtr8g073600
4847,Medtr8g073750
4848,Medtr8g073920
4849,Medtr8g073950
4850,Medtr8g074070
4851,Medtr8g074360
4852,Medtr8g074380
4853,Medtr8g074450
4854,Medtr8g075100
4855,Medtr8g075240
4856,Medtr8g075280
4857,Medtr8g075290
4858,Medtr8g075420
4859,Medtr8g075430
4860,Medtr8g075480
4861,Medtr8g075550
4862,Medtr8g075600
4863,Medtr8g075810
4864,Medtr8g075830
4865,Medtr8g075920
4866,Medtr8g075970
4867,Medtr8g076010
4868,Medtr8g076020
4869,Medtr8g076110
4870,Medtr8g076300
4871,Medtr8g076490
4872,Medtr8g076510
4873,Medtr8g076740
4874,Medtr8g076760
4875,Medtr8g076770
4876,Medtr8g076820
4877,Medtr8g076860
4878,Medtr8g077020
4879,Medtr8g077040
4880,Medtr8g077085
4881,Medtr8g077120
4882,Medtr8g077310
4883,Medtr8g077340
4884,Medtr8g077420
4885,Medtr8g077570
4886,Medtr8g077610
4887,Medtr8g077810
4888,Medtr8g077840
4889,Medtr8g077860
4890,Medtr8g077990
4891,Medtr8g078070
4892,Medtr8g078170
4893,Medtr8g078370
4894,Medtr8g078505
4895,Medtr8g078760
4896,Medtr8g078880
4897,Medtr8g079492
4898,Medtr8g079710
4899,Medtr8g080120
4900,Medtr8g080180
4901,Medtr8g080230
4902,Medtr8g080260
4903,Medtr8g080270
4904,Medtr8g080290
4905,Medtr8g080370
4906,Medtr8g080380
4907,Medtr8g080430
4908,Medtr8g080490
4909,Medtr8g080630
4910,Medtr8g080740
4911,Medtr8g080750
4912,Medtr8g080880
4913,Medtr8g080920
4914,Medtr8g081000
4915,Medtr8g081040
4916,Medtr8g083140
4917,Medtr8g083170
4918,Medtr8g083220
4919,Medtr8g083280
4920,Medtr8g083480
4921,Medtr8g083490
4922,Medtr8g085150
4923,Medtr8g085190
4924,Medtr8g085230
4925,Medtr8g085290
4926,Medtr8g085380
4927,Medtr8g085400
4928,Medtr8g085550
4929,Medtr8g085570
4930,Medtr8g085690
4931,Medtr8g085780
4932,Medtr8g085820
4933,Medtr8g085960
4934,Medtr8g086000
4935,Medtr8g086020
4936,Medtr8g086260
4937,Medtr8g086290
4938,Medtr8g086320
4939,Medtr8g086630
4940,Medtr8g086640
4941,Medtr8g087530
4942,Medtr8g087730
4943,Medtr8g087860
4944,Medtr8g088020
4945,Medtr8g088070
4946,Medtr8g088080
4947,Medtr8g088170
4948,Medtr8g088200
4949,Medtr8g088210
4950,Medtr8g088320
4951,Medtr8g088510
4952,Medtr8g088620
4953,Medtr8g088750
4954,Medtr8g088800
4955,Medtr8g088860
4956,Medtr8g088880
4957,Medtr8g088900
4958,Medtr8g088930
4959,Medtr8g089030
4960,Medtr8g089550
4961,Medtr8g089640
4962,Medtr8g089685
4963,Medtr8g089745
4964,Medtr8g089865
4965,Medtr8g089900
4966,Medtr8g089925
4967,Medtr8g089985
4968,Medtr8g090095
4969,Medtr8g090105
4970,Medtr8g090140
4971,Medtr8g090180
4972,Medtr8g090185
4973,Medtr8g090210
4974,Medtr8g090220
4975,Medtr8g090230
4976,Medtr8g090235
4977,Medtr8g090265
4978,Medtr8g090290
4979,Medtr8g090330
4980,Medtr8g090350
4981,Medtr8g091290
4982,Medtr8g091320
4983,Medtr8g091470
4984,Medtr8g091660
4985,Medtr8g091670
4986,Medtr8g092180
4987,Medtr8g092370
4988,Medtr8g092560
4989,Medtr8g092590
4990,Medtr8g092620
4991,Medtr8g092630
4992,Medtr8g092860
4993,Medtr8g093070
4994,Medtr8g093580
4995,Medtr8g093730
4996,Medtr8g094290
4997,Medtr8g094665
4998,Medtr8g094760
4999,Medtr8g095280
5000,Medtr8g095440
5001,Medtr8g096060
5002,Medtr8g096120
5003,Medtr8g096190
5004,Medtr8g096220
5005,Medtr8g096240
5006,Medtr8g096700
5007,Medtr8g096750
5008,Medtr8g096840
5009,Medtr8g097310
5010,Medtr8g097350
5011,Medtr8g097410
5012,Medtr8g098255
5013,Medtr8g098335
5014,Medtr8g098360
5015,Medtr8g098375
5016,Medtr8g098380
5017,Medtr8g098410
5018,Medtr8g098420
5019,Medtr8g098445
5020,Medtr8g098510
5021,Medtr8g098525
5022,Medtr8g098535
5023,Medtr8g098565
5024,Medtr8g098595
5025,Medtr8g098675
5026,Medtr8g098770
5027,Medtr8g098835
5028,Medtr8g098845
5029,Medtr8g098965
5030,Medtr8g098975
5031,Medtr8g098980
5032,Medtr8g098995
5033,Medtr8g099085
5034,Medtr8g099090
5035,Medtr8g099115
5036,Medtr8g099160
5037,Medtr8g099165
5038,Medtr8g099190
5039,Medtr8g099210
5040,Medtr8g099275
5041,Medtr8g099290
5042,Medtr8g099300
5043,Medtr8g099345
5044,Medtr8g099430
5045,Medtr8g099455
5046,Medtr8g099465
5047,Medtr8g099550
5048,Medtr8g099565
5049,Medtr8g099575
5050,Medtr8g099610
5051,Medtr8g099620
5052,Medtr8g099720
5053,Medtr8g099745
5054,Medtr8g099765
5055,Medtr8g099780
5056,Medtr8g099920
5057,Medtr8g099930
5058,Medtr8g099975
5059,Medtr8g099985
5060,Medtr8g099995
5061,Medtr8g100130
5062,Medtr8g100135
5063,Medtr8g101320
5064,Medtr8g101520
5065,Medtr8g101540
5066,Medtr8g101585
5067,Medtr8g101640
5068,Medtr8g101680
5069,Medtr8g101740
5070,Medtr8g101900
5071,Medtr8g102030
5072,Medtr8g102042
5073,Medtr8g102150
5074,Medtr8g102330
5075,Medtr8g102520
5076,Medtr8g102540
5077,Medtr8g102850
5078,Medtr8g102890
5079,Medtr8g102920
5080,Medtr8g103020
5081,Medtr8g103065
5082,Medtr8g103390
5083,Medtr8g103410
5084,Medtr8g103420
5085,Medtr8g103440
5086,Medtr8g103530
5087,Medtr8g103740
5088,Medtr8g103750
5089,Medtr8g103840
5090,Medtr8g103950
5091,Medtr8g104270
5092,Medtr8g104420
5093,Medtr8g104655
5094,Medtr8g104900
5095,Medtr8g104980
5096,Medtr8g104990
5097,Medtr8g105060
5098,Medtr8g105355
5099,Medtr8g105810
5100,Medtr8g105830
5101,Medtr8g106040
5102,Medtr8g106220
5103,Medtr8g106450
5104,Medtr8g106530
5105,Medtr8g106560
5106,Medtr8g106580
5107,Medtr8g106680
5108,Medtr8g106780
5109,Medtr8g106820
5110,Medtr8g106840
5111,Medtr8g106870
5112,Medtr8g107000
5113,Medtr8g107030
5114,Medtr8g107070
5115,Medtr8g107160
5116,Medtr8g107270
5117,Medtr8g107300
5118,Medtr8g107330
5119,Medtr8g107350
5120,Medtr8g107360
5121,Medtr8g107370
5122,Medtr8g107420
5123,Medtr8g107470
5124,Medtr8g107510
5125,Medtr8g107710
5126,Medtr8g432590
5127,Medtr8g432620
5128,Medtr8g432680
5129,Medtr8g442310
5130,Medtr8g442340
5131,Medtr8g442370
5132,Medtr8g445170
5133,Medtr8g445370
5134,Medtr8g445380
5135,Medtr8g446010
5136,Medtr8g446540
5137,Medtr8g446830
5138,Medtr8g446850
5139,Medtr8g446930
5140,Medtr8g446960
5141,Medtr8g446970
5142,Medtr8g447000
5143,Medtr8g447300
5144,Medtr8g461330
5145,Medtr8g461400
5146,Medtr8g463380
5147,Medtr8g463790
5148,Medtr8g463810
5149,Medtr8g463990
5150,Medtr8g464010
5151,Medtr8g464030
5152,Medtr8g464260
5153,Medtr8g464430
5154,Medtr8g464570
5155,Medtr8g464690
5156,Medtr8g464760
5157,Medtr8g464900
5158,Medtr8g465510
5159,Medtr8g465590
5160,Medtr8g466410
5161,Medtr8g466490
5162,Medtr8g466580
5163,Medtr8g468210
5164,Medtr8g468480
5165,Medtr8g468500
5166,Medtr8g468710
5167,Medtr8g468840
5168,Medtr8g469160
5169,Medtr8g469180
5170,Medtr8g469230
5171,Medtr8g469270
5172,Medtr8g469730
5173,Medtr8g479320
5174,Medtr8g487670
5175,Medtr8g487720
